-15.6,125.1,4
-31.6,-51.8,3
-25.6,-67.7,3
1.4,-13.2,1
-7.9,149.7,2
-22.8,-65.2,14
26.2,-91.2,21
1.0,-69.6,4
26.3,-91.3,1
26.2,-91.3,2
-24.8,-67.4,8
19.2,-125.4,5
19.3,-125.3,8
26.0,-91.2,2
-18.4,160.7,5
19.4,-125.3,9
17.5,-126.9,54
-5.3,27.3,1
-28.4,-68.1,2
42.1,-50.2,1
42.0,-50.2,1
-18.4,160.6,4
-21.8,-44.3,1
18.0,-126.7,63
-14.2,129.5,9
6.4,25.4,33
0.4,-75.7,84
0.4,-75.8,65
-14.2,129.6,2
-22.8,-48.7,2
-22.8,-48.8,1
3.2,24.0,8
-14.7,-73.0,3
-14.7,-73.1,3
-15.7,125.6,4
-3.7,28.2,2
1.4,-75.3,4
25.2,-92.2,7
25.2,-92.1,3
25.1,-92.1,12
25.3,-92.1,1
-11.6,-58.5,1
-11.6,-58.6,7
-11.8,-59.0,1
0.6,7.1,14
-35.6,-61.1,2
-8.6,-59.9,1
17.5,-126.8,127
-4.0,96.6,8
18.2,-126.5,3
17.6,-126.8,63
17.7,-126.7,444
17.6,-126.7,66
-15.7,126.4,1
-6.1,-51.2,2
0.4,-75.6,13
-7.8,149.0,7
41.1,-50.1,1
3.3,24.0,12
-6.2,-51.4,2
-15.9,125.8,10
-15.6,125.7,19
1.1,-75.8,4
1.1,-75.9,5
0.0,71.1,2
21.9,-94.4,8
22.0,-94.4,4
0.0,71.0,1
0.0,71.1,15
-26.9,-49.1,3
-15.9,125.9,20
-0.1,71.1,4
3.3,-53.9,2
0.8,-75.6,7
-22.1,-44.2,3
0.8,11.1,1
-11.0,55.6,8
-33.1,-57.0,2
24.7,-92.7,20
24.6,-92.7,1
24.5,-92.7,7
-16.3,-70.0,4
26.1,-90.8,12
24.8,-92.6,10
-16.2,-70.0,1
-16.3,-70.1,2
-16.4,-70.0,10
6.8,25.5,27
6.7,25.6,36
26.3,-90.7,70
26.1,-90.6,2
26.4,-90.8,31
3.6,-59.1,1
3.3,23.9,3
1.6,-3.6,3
-15.6,125.3,24
-6.3,94.6,1
-23.2,-65.0,2
25.7,-91.6,13
-6.2,28.8,6
25.8,-91.6,11
-23.2,-64.9,19
-1.9,-69.3,1
-1.9,-69.4,3
-0.7,-68.0,46
-4.3,-48.6,5
-16.8,-69.4,14
-16.8,-69.5,9
17.7,-126.9,13
-1.8,-69.5,2
-9.9,39.6,4
-2.2,-69.4,1
-0.6,-68.0,10
0.7,-76.1,172
-11.9,128.0,2
-4.9,108.5,33
19.6,-125.2,149
-2.1,27.0,1
-2.1,26.9,1
-4.4,96.8,4
-4.4,96.9,1
-13.4,41.8,2
-13.9,41.8,8
5.1,71.1,1
5.0,71.0,2
5.1,71.0,3
-34.8,-53.3,5
-34.8,-53.4,1
0.8,9.8,2
-17.7,125.6,5
-13.5,41.8,1
22.9,45.8,4
-33.2,-56.1,10
0.7,-75.5,2
-33.8,-56.2,6
-0.3,-75.8,5
22.8,45.6,1
22.9,45.5,2
22.9,45.6,1
1.0,-69.8,19
15.3,-92.3,2
-12.9,128.9,29
-33.3,-56.9,4
-33.3,-57.0,1
-16.2,124.5,7
-20.7,51.5,4
20.4,-102.1,9
-35.9,-56.9,3
-0.8,-68.9,1
-26.5,19.0,17
26.2,-91.0,17
-15.3,-73.9,1
-14.9,-73.8,5
-15.3,-73.8,1
-4.3,9.3,2
-32.3,-53.4,1
0.3,9.2,5
0.3,9.1,13
24.0,-93.4,30
26.4,-90.7,35
26.3,-90.6,30
26.2,-90.6,8
26.4,-90.6,98
-16.6,125.4,3
23.9,-93.4,19
-35.9,152.9,13
0.5,-75.7,16
-5.8,111.6,4
-16.7,125.4,1
18.2,-126.8,30
-1.4,138.0,1
2.3,1.7,2
-13.9,129.5,7
1.4,4.8,2
-1.3,137.9,2
-1.4,137.9,3
30.5,-50.9,12
30.6,-50.9,4
17.6,-126.9,100
25.0,-92.5,4
-24.7,18.4,10
-24.7,18.3,11
17.4,-127.0,37
-33.9,-56.2,9
0.9,-69.7,7
1.2,-69.7,2
-7.1,115.4,14
-15.6,125.2,16
-33.2,-56.2,4
0.6,-23.3,2
-7.7,148.7,13
31.3,-50.4,2
0.6,-23.4,2
-5.8,109.1,5
31.2,-50.3,2
31.3,-50.3,4
31.2,-50.2,5
31.1,-50.3,2
6.3,25.3,42
0.5,-75.6,5
-4.8,-47.8,1
-21.9,-44.3,2
0.2,-75.9,6
6.4,25.5,29
30.0,-51.6,9
29.9,-51.6,27
25.8,-91.7,10
31.3,-50.1,33
29.7,-51.6,1
31.4,-50.1,9
25.6,-91.6,12
-15.6,124.5,1
30.6,-51.0,2
30.0,-51.5,26
-15.6,124.8,18
30.1,-51.5,11
0.3,9.3,3
25.7,-91.9,1
25.7,-91.8,17
6.7,25.5,30
-19.3,-65.5,10
34.5,59.0,2
17.4,-127.3,15
34.4,59.0,3
-13.2,129.5,2
-15.5,124.7,14
32.2,-48.6,2
-13.6,129.7,3
-13.7,129.6,8
-15.6,124.7,7
-13.1,129.4,2
-15.7,124.7,2
-13.7,129.5,8
-15.4,-58.5,1
-16.0,125.4,2
3.1,-54.6,7
0.0,-75.9,3
3.5,-54.6,1
0.3,-75.8,18
27.5,-54.4,1
-36.7,155.0,7
-7.8,150.1,15
-13.7,129.4,3
27.6,-54.4,10
27.7,-54.4,11
-16.3,124.0,2
0.8,-76.1,46
-0.4,25.5,2
-4.9,124.2,2
1.0,-76.2,9
-4.8,124.2,1
-4.0,96.7,14
6.5,25.7,5
6.5,25.8,2
6.6,25.7,1
-12.6,128.5,2
-14.5,43.1,6
-14.4,43.1,4
-37.3,-60.3,7
-37.4,-60.2,5
2.4,-67.7,4
3.4,-53.9,1
17.9,-126.7,34
3.4,-54.0,1
3.8,-54.0,1
6.5,69.5,3
-26.4,-51.5,4
6.4,69.5,2
-13.8,129.3,2
-21.2,-47.8,2
-19.2,-65.7,9
-19.2,-65.6,6
1.4,-69.2,2
-13.6,41.7,6
-5.5,-60.0,2
-13.6,41.6,2
-6.0,108.6,1
-15.5,125.5,41
-5.8,111.7,12
0.8,-76.0,21
21.1,-124.3,4
6.7,25.4,8
-4.5,97.0,1
21.2,-124.2,7
21.2,-124.3,21
-25.8,-52.9,1
-5.8,107.1,1
-7.3,92.8,7
21.3,-124.3,5
17.2,-127.4,10
-4.9,108.3,13
23.4,48.8,1
-16.1,126.6,2
-15.3,47.1,2
-15.3,47.2,2
0.9,-69.6,18
-32.9,-56.3,1
0.8,-69.5,19
-32.9,-56.5,2
0.8,-69.7,14
0.8,-69.6,10
0.9,-69.5,28
-4.7,96.7,2
-30.4,23.1,1
19.5,-125.2,55
19.6,-125.3,14
17.8,-126.7,138
0.0,25.2,1
7.1,-12.5,4
17.8,-126.8,22
6.8,-12.7,1
-14.4,123.2,29
-26.9,-52.1,1
1.5,-3.6,1
-9.9,34.5,1
-15.5,125.1,10
19.9,-124.9,79
20.0,-125.1,1
20.0,-124.9,39
19.8,-125.0,8
1.5,-75.3,9
26.5,-54.3,2
-15.8,125.8,2
-9.4,-61.2,7
-9.5,-61.2,2
-9.2,-61.1,1
-13.9,129.6,40
4.8,-62.1,20
5.3,-61.9,1
-9.2,-61.2,1
-3.3,-62.3,1
-1.1,-60.4,1
-12.9,128.8,25
-16.1,126.4,3
0.5,7.2,1
-14.0,-56.6,4
0.7,-69.8,3
0.5,-69.8,2
-33.2,-57.0,2
-15.4,124.2,1
0.6,7.2,10
22.7,-93.9,3
22.6,-93.9,5
3.2,25.5,2
-5.9,108.8,1
3.2,25.6,1
32.7,47.5,5
-9.6,-61.3,30
3.3,24.1,6
3.0,25.4,1
-7.0,115.4,5
0.8,-54.3,1
-7.9,-48.1,4
-8.4,-48.5,3
-7.9,-48.0,3
-14.7,-57.8,3
0.7,-54.4,1
-1.4,-48.8,7
5.3,-65.9,1
-22.0,-43.9,10
17.7,-126.6,236
29.9,51.5,1
29.8,51.4,1
-0.2,-68.6,1
29.8,51.5,2
-13.3,129.6,13
-35.9,153.1,15
-33.8,-56.1,5
-12.1,-59.5,4
0.1,8.9,2
0.2,9.2,5
0.0,8.8,5
-4.4,27.5,1
0.0,8.9,4
-24.7,-67.4,12
26.5,-90.6,4
22.9,45.7,2
-16.2,126.6,2
25.6,-91.8,3
-5.8,109.3,13
-11.6,-56.5,7
-13.2,-56.1,1
-18.9,50.8,1
-15.5,124.8,16
18.3,-126.8,14
-18.3,-55.6,1
-0.4,70.3,1
-36.9,154.9,2
-36.7,155.1,4
-22.5,-65.4,2
-23.5,-52.0,6
17.5,-127.0,20
17.6,-127.0,5
16.2,-127.6,1
17.7,-126.8,55
-14.9,-72.4,6
-14.8,-72.4,12
-14.8,-72.3,3
-4.9,-48.4,38
-5.0,-48.5,28
-5.0,-48.4,16
-4.9,-48.5,44
-14.1,128.9,1
-4.4,-59.8,4
3.7,-9.1,1
-15.6,125.0,10
-14.2,128.9,1
3.7,-9.0,2
3.6,-9.0,1
-16.8,127.5,1
-31.5,23.5,2
-11.1,-56.4,1
-22.4,-48.9,3
-4.6,97.3,4
6.5,25.3,9
-33.1,-54.9,10
-4.7,97.4,7
-4.5,97.2,1
-4.7,97.3,3
29.8,-51.9,1
30.0,-51.9,3
29.9,-51.9,9
0.7,-76.0,41
-11.4,-60.8,2
-11.4,-60.7,3
-11.0,55.7,4
3.2,24.1,5
-15.1,-73.8,12
-15.2,-73.8,3
-0.6,-71.1,1
-0.3,-71.0,1
0.5,-75.8,8
0.6,-75.6,4
-8.3,-47.9,1
-12.9,129.0,5
-12.8,128.9,14
4.1,-10.1,2
0.9,-69.8,28
3.9,-10.2,6
-32.2,24.0,2
-32.1,24.0,5
-12.6,128.7,24
-12.8,128.7,16
3.6,-59.2,4
-3.1,26.6,1
-32.9,-56.4,1
3.7,-59.2,3
17.4,-127.2,30
-25.1,19.3,1
4.6,110.3,2
4.6,110.2,2
-4.9,-49.1,2
-8.9,139.6,13
-4.9,-49.0,2
-8.8,139.6,17
-5.9,111.7,17
-28.4,-108.3,1
-28.5,-108.4,1
-28.5,-108.3,1
-8.9,139.7,4
-15.0,-72.4,1
40.0,175.8,1
19.2,-125.5,1
19.5,-125.3,6
-0.1,70.8,1
0.1,71.8,1
-6.2,-37.3,2
-6.1,-37.3,1
-6.3,-37.3,1
32.1,-48.6,1
1.9,7.3,2
1.9,7.2,12
23.0,45.2,9
7.8,-63.0,1
-14.1,122.4,10
23.2,45.3,7
-4.2,9.3,2
3.2,23.9,11
-14.2,122.4,1
-14.7,-57.9,3
-24.2,17.2,7
19.4,-100.2,1
-3.4,-70.6,3
-3.2,-70.6,1
-3.6,-70.6,20
41.3,-50.2,1
-7.0,115.3,3
-6.3,-37.1,1
6.4,25.7,2
-6.4,-37.3,1
-1.4,26.1,1
-31.6,-52.3,1
-17.3,-69.2,1
41.3,-50.1,1
39.3,-179.0,1
24.9,-92.6,5
0.9,-69.4,53
39.4,-179.2,1
-0.5,-73.4,7
24.0,-93.3,49
4.1,24.6,1
-22.9,-65.3,1
17.9,-126.6,34
-5.6,-60.9,1
-33.1,-56.9,1
-11.9,-56.9,5
-0.6,-67.9,5
25.8,-91.5,23
-10.3,-56.5,1
25.9,-91.5,1
-12.2,-58.3,1
-29.5,20.7,1
34.5,59.1,4
-0.4,-78.8,2
34.8,59.1,1
0.9,-76.0,13
34.6,59.2,6
34.7,59.1,1
-28.9,152.9,9
6.6,25.6,7
-5.7,109.2,1
0.3,25.1,3
26.1,-91.2,15
27.5,-54.3,2
32.1,-23.6,1
-4.1,-77.0,2
-7.9,149.8,7
-30.1,127.2,3
2.6,24.4,6
2.2,-12.8,2
3.7,-9.3,7
-5.4,92.1,6
-5.5,92.1,3
0.3,-75.7,21
-6.1,95.7,2
3.8,-63.9,2
-38.3,-61.0,1
-6.7,-61.2,3
-18.2,161.5,5
-18.3,161.6,14
19.4,-125.4,1
0.7,9.3,1
4.0,-63.9,1
-18.2,161.6,26
4.1,-9.3,1
4.0,-9.5,2
16.1,-95.9,6
-4.2,29.4,20
4.4,-8.9,1
4.2,-9.0,2
3.5,26.8,2
-26.9,28.3,1
-15.5,-71.4,1
30.4,-51.2,1
-13.6,41.9,5
-27.2,-48.9,2
1.2,-69.5,4
-12.0,-59.9,7
-12.0,-59.8,7
-16.3,125.2,4
-16.2,125.0,2
-16.3,125.0,1
-22.1,-44.6,3
-4.3,-48.3,1
-21.1,53.6,1
-29.4,20.6,1
-31.7,-52.7,4
0.1,-75.6,3
38.6,169.6,1
-26.6,19.1,19
24.1,-93.3,4
2.6,119.1,1
23.7,-93.4,53
-25.7,-67.6,3
-21.4,-48.1,1
-33.2,-53.0,5
-34.8,-53.2,6
0.6,-75.7,3
-4.5,27.7,1
27.3,-53.3,2
30.3,-50.9,58
26.6,-89.7,1
27.4,-53.3,2
-13.8,129.4,16
-4.7,-48.3,1
-4.8,-48.4,1
-3.1,-48.3,1
-16.0,125.9,6
22.7,45.9,1
17.0,-127.7,1
17.2,-127.6,12
32.1,-49.5,6
17.1,-127.6,9
32.1,-49.6,1
32.2,-49.5,1
32.1,-49.4,21
-39.0,-58.1,1
5.6,67.1,8
-24.8,18.4,2
-24.8,18.3,1
6.6,25.4,12
-6.0,108.8,6
17.3,-127.3,50
2.7,2.1,5
2.0,-13.0,6
-28.3,-54.1,1
2.1,-13.0,20
19.0,-126.5,1
1.9,-13.3,1
2.9,2.0,1
1.0,-69.7,7
1.1,-69.7,1
-0.7,-67.8,4
-0.7,-67.9,6
3.6,-54.6,1
-14.6,123.3,1
18.0,-126.6,51
16.9,-127.1,1
3.5,-53.8,1
6.2,25.3,35
-26.6,19.0,11
-15.0,-73.8,27
3.7,-9.4,4
4.0,-9.3,1
0.1,-76.5,2
-0.5,-69.0,1
-0.2,-68.9,1
-0.1,25.8,5
-22.8,-65.1,12
34.9,59.4,1
34.8,59.4,2
27.7,-54.5,6
-16.0,126.0,10
-16.3,-60.1,9
-7.1,115.3,5
3.1,23.8,8
19.6,-100.2,2
-23.2,-64.8,12
-8.8,139.5,2
-14.2,128.8,2
14.3,-90.6,2
14.3,-90.5,8
4.8,-57.0,1
0.7,7.3,2
-22.0,-44.6,2
-37.4,-60.1,1
0.4,10.8,3
-15.2,-73.9,10
29.8,-51.6,4
30.1,-51.7,4
-35.9,153.2,3
17.3,-100.1,11
-4.2,27.6,1
17.6,-100.1,1
-21.0,-65.5,1
-4.5,-59.7,2
-24.4,-50.9,2
-24.5,-51.0,1
-4.5,-59.8,8
23.9,-93.3,36
2.6,24.5,2
-33.1,-55.1,3
2.8,25.2,2
-0.3,-69.0,6
-8.2,-47.6,1
-8.2,-47.5,2
6.4,25.6,7
-20.3,-66.7,1
-18.3,160.6,3
-27.4,-52.7,1
-15.4,-71.0,1
-0.1,-68.6,1
1.3,-69.2,1
-8.9,151.5,2
-8.8,151.4,2
26.8,-151.3,2
26.9,-151.2,1
25.1,-92.2,10
-32.9,-55.9,1
-15.4,125.6,2
27.1,-150.9,12
27.0,-151.2,1
-15.6,125.6,27
27.1,-151.0,6
-4.3,107.4,1
2.7,24.4,5
5.7,66.5,1
24.7,-92.8,3
-20.6,-66.3,4
-20.7,-66.3,5
-2.8,27.7,1
0.6,-23.5,1
6.8,25.6,17
2.0,1.1,1
-23.3,-48.2,1
-5.0,124.7,1
4.8,24.5,1
5.1,24.7,1
-11.3,-60.8,4
-7.9,150.0,23
0.7,-69.7,2
0.7,-69.6,4
-6.1,-51.1,1
-8.0,149.8,2
-28.8,152.9,13
-8.2,150.1,1
-4.6,96.8,3
-4.5,96.9,4
23.2,46.7,2
27.6,-54.2,8
0.2,-75.7,1
-11.1,-57.3,3
1.3,-73.7,1
-12.7,128.6,42
-11.0,-57.3,2
32.6,48.9,1
-6.0,109.0,6
-34.0,-56.3,3
-13.5,-62.6,1
17.6,-127.1,2
-24.7,-67.3,11
-22.0,-43.7,4
-23.9,17.2,2
-14.9,-72.3,3
-8.5,-62.0,2
-23.7,17.1,1
1.0,-75.7,1
-36.3,-61.8,5
6.3,25.4,82
-0.3,-68.0,2
7.0,69.6,1
1.2,-69.9,1
-41.1,-53.6,1
-15.7,124.9,5
-6.5,28.9,1
0.5,-76.1,5
-15.5,125.2,14
23.1,45.3,22
-15.5,125.4,13
26.5,-89.6,1
-0.6,93.5,3
16.9,-126.9,1
-0.2,-69.3,4
-31.5,23.4,1
0.8,-76.2,18
17.4,-126.8,30
-28.6,153.1,1
-0.2,-69.2,10
17.5,-127.3,1
-29.7,-109.4,1
-25.1,-67.9,1
1.6,-3.7,27
-6.3,-60.2,1
-16.4,124.2,1
-9.9,39.4,1
-9.9,39.5,10
-22.6,-65.4,6
-0.1,25.7,20
1.9,1.1,14
-31.1,23.2,2
-20.6,-175.4,1
-26.7,-48.7,2
26.5,-90.9,3
26.3,-90.8,26
26.3,-90.9,44
-24.6,18.3,7
17.4,-127.1,14
-16.3,124.5,7
-24.7,18.2,2
6.9,25.9,1
7.0,26.0,1
4.2,-10.4,1
23.0,45.0,8
0.0,-78.8,1
-16.3,124.6,3
31.9,-23.9,5
31.9,-23.8,1
-11.8,-56.7,2
-4.7,28.0,1
-31.5,-52.0,2
-12.7,-69.8,1
-13.8,35.2,1
-5.2,-48.5,2
-15.2,-71.3,16
0.3,9.0,1
0.4,9.0,3
3.9,-10.1,2
39.9,179.7,1
-14.3,171.4,3
-14.2,171.4,1
39.8,-178.8,7
-1.9,25.7,1
-14.3,171.5,3
-5.7,-45.0,1
-3.7,-76.9,2
-3.8,-77.0,2
-2.4,26.5,2
-5.7,107.1,7
-13.9,41.9,6
-14.0,41.9,1
-6.6,-59.9,1
-6.5,-60.1,2
-2.3,95.4,1
-1.8,95.4,4
23.3,46.5,1
-1.8,95.5,5
-16.5,124.3,1
-15.4,125.7,5
35.0,173.2,3
25.6,-91.5,21
0.4,-75.5,1
0.3,-75.6,2
25.7,-91.5,22
-22.2,-44.0,5
0.0,-75.7,3
-12.8,128.8,11
-1.6,-48.8,1
1.4,-69.3,3
-17.5,-69.4,2
-26.6,-50.3,1
-0.2,-75.8,12
-33.7,-56.1,2
-0.3,-75.7,1
-32.4,-53.4,1
3.1,-54.5,2
3.3,-54.5,4
-23.6,-52.0,2
-18.6,-66.7,6
-24.4,150.2,1
-14.8,-72.5,11
-14.8,-72.6,1
0.6,-75.9,1
-7.8,149.5,1
0.3,-76.0,56
-8.0,-48.1,1
-8.1,-48.3,15
-10.6,138.7,1
-10.5,138.6,3
0.3,-75.9,33
1.5,-75.4,21
6.5,25.5,23
-34.4,-64.4,2
2.0,-75.2,1
-3.0,26.4,4
-8.1,-45.6,1
-12.9,127.3,1
23.5,48.9,1
-30.2,127.0,3
-16.0,126.3,4
-16.0,126.2,5
-5.9,108.7,1
-22.1,-43.9,27
0.8,7.3,1
-5.3,96.8,2
-33.3,-56.8,7
-35.9,153.0,12
-36.5,154.9,32
29.7,-51.9,1
-23.6,-48.2,2
24.8,-92.7,1
-23.1,-64.9,9
-23.1,-65.0,1
-37.5,-62.2,2
-16.0,126.1,2
-7.3,92.9,2
24.9,-92.7,1
24.9,-92.5,11
-14.4,-61.7,4
-14.3,-61.7,2
-15.9,126.0,5
-33.1,-55.0,7
-13.0,128.8,7
0.6,-23.6,1
-4.7,-47.9,4
17.3,-127.0,6
5.2,-65.9,4
-14.4,123.1,5
0.8,-69.8,11
0.7,-75.8,2
-0.4,25.6,12
24.3,-92.9,4
24.2,-92.9,7
24.2,-93.0,5
-31.8,24.1,2
-15.9,124.9,1
24.1,-92.8,10
-0.3,-69.2,22
-0.3,-69.1,12
-0.6,-69.3,1
-30.5,22.9,3
1.3,-69.7,3
-19.3,-65.6,2
-16.3,125.1,1
4.4,24.8,1
4.4,24.6,1
5.5,-66.8,1
32.6,47.5,6
-0.4,-70.7,1
-0.2,70.5,4
-14.5,43.0,1
-0.5,-70.7,2
-14.5,43.2,17
41.9,180.0,1
41.9,179.9,1
5.0,71.1,4
-5.1,-59.7,1
4.8,108.9,3
-20.6,51.4,1
-6.3,94.7,1
-15.2,-73.7,1
-33.9,-56.4,1
-35.8,152.8,11
-11.6,-56.4,7
10.9,-112.3,7
-15.7,125.4,1
-12.9,128.7,18
-20.8,52.2,1
-5.5,92.2,1
1.9,7.1,4
4.9,109.0,1
19.3,-100.0,3
-13.7,41.8,4
-31.6,-52.8,3
-22.4,-49.0,6
-7.2,-48.3,1
-11.3,-56.3,1
-14.4,129.0,7
0.4,9.1,12
0.4,9.2,12
1.5,-75.9,1
-33.2,-53.1,1
-19.8,-53.3,1
-33.2,-54.7,8
27.6,-54.3,3
-28.6,153.0,2
27.4,-54.3,1
-15.7,125.2,5
-0.3,-68.7,1
25.7,-91.7,25
-0.4,-73.5,13
25.6,-91.7,8
-0.3,-73.4,2
-23.0,-64.8,8
-0.4,-73.4,4
-0.3,-73.7,1
-27.0,-52.4,2
-0.4,25.7,8
-35.8,153.2,4
5.1,-65.9,1
-5.9,111.6,4
-10.9,26.1,6
-13.2,129.6,15
-13.3,129.5,5
26.7,-89.6,5
-3.2,-62.5,15
-23.0,-54.0,1
-10.5,138.7,1
34.3,59.0,1
-12.5,128.5,41
-12.4,128.7,5
-0.1,8.9,13
0.8,132.3,3
0.9,132.2,4
21.0,-124.4,3
0.8,132.2,7
0.1,-67.8,1
-36.5,154.8,23
4.7,110.2,1
0.1,-67.9,8
-37.1,-60.6,3
-24.4,-50.8,8
23.8,-93.3,5
4.8,-61.1,1
-14.4,123.3,22
-14.5,123.4,5
-27.5,-51.3,1
3.8,-9.1,2
3.5,-9.2,1
-20.8,-65.3,1
-19.1,-67.8,15
26.5,-54.2,1
-23.3,-48.3,3
-29.8,-68.6,2
-9.8,39.4,1
3.8,-9.5,1
38.5,-179.5,1
-4.3,27.2,1
-13.4,41.9,4
-25.2,19.1,7
-6.3,28.7,3
-24.4,150.3,2
23.3,-57.9,25
23.8,-57.6,1
23.4,-58.0,1
23.3,-58.0,3
-16.7,125.8,1
23.2,-57.9,4
-32.4,-54.0,16
-20.6,-175.3,10
-4.3,29.4,2
-33.4,-54.9,6
-9.9,39.7,3
26.5,-90.5,3
1.7,-3.5,2
-4.6,96.9,2
-34.0,-56.2,4
-4.6,96.4,1
-4.9,96.5,2
-22.7,79.6,1
0.6,-76.1,16
-0.7,-76.5,1
-36.5,154.7,1
-26.6,18.9,3
1.9,1.0,13
27.7,-54.2,27
0.0,-75.7,1
-7.0,115.5,3
-16.8,127.7,1
-15.5,125.6,23
3.7,-9.9,1
-8.0,-48.3,3
24.7,-92.5,6
24.8,-92.5,29
0.9,-52.7,1
-2.5,-73.6,1
-12.8,128.6,7
-2.5,-73.4,3
23.2,45.4,10
0.9,9.9,1
-16.3,-60.0,3
-16.0,-60.1,1
-8.8,151.5,2
-8.9,151.4,1
34.9,60.0,5
-17.3,124.9,2
35.0,59.8,4
-17.2,124.9,1
34.9,59.9,2
-7.5,-45.1,1
-16.6,125.3,1
1.0,-76.0,3
-38.8,-60.6,2
-30.6,23.0,7
-23.7,-48.2,1
-23.7,-48.1,3
1.6,-75.3,2
-3.1,96.1,3
-8.4,-61.9,1
-15.0,-73.9,17
-36.2,-56.6,1
-33.5,-54.8,2
-14.1,122.3,2
0.4,-76.0,8
-21.9,-43.7,3
-3.9,28.2,1
-31.1,-52.1,1
3.4,-54.6,1
31.8,-23.9,3
4.0,-10.9,1
-18.1,-55.2,9
-15.8,125.0,4
-4.0,-76.8,3
-11.6,137.7,1
4.3,120.2,1
1.0,9.4,23
-10.9,170.5,3
-10.8,170.5,6
-10.8,170.6,8
4.6,24.4,1
4.2,120.2,3
-10.3,138.7,1
-29.0,152.8,7
-29.1,152.9,3
-14.9,-72.5,10
1.3,4.9,24
1.4,4.9,4
-35.8,153.1,39
-4.4,29.5,1
-18.2,161.7,2
1.3,-6.2,1
26.1,-91.3,4
-5.9,109.2,1
5.8,66.6,6
26.0,-91.3,2
-5.8,109.2,1
29.9,-51.8,7
29.7,-51.8,1
32.2,-49.4,9
32.0,-49.4,6
-21.8,-44.5,14
-16.5,125.3,5
-36.8,155.0,4
14.2,-90.5,1
-22.4,-43.7,1
-22.4,-44.3,1
1.6,90.3,11
-4.9,-48.6,2
-0.2,-68.2,2
-0.3,-68.2,4
0.5,-23.5,1
-0.4,-73.9,1
-9.2,132.9,3
6.7,-12.6,1
1.0,-76.1,10
24.2,-93.1,3
-29.6,-68.5,6
23.4,-92.6,1
-4.6,28.0,6
1.2,-53.4,1
-1.9,25.5,1
1.0,-53.4,3
33.3,35.3,3
-14.4,170.2,1
-13.0,129.5,2
17.1,-127.0,2
-33.8,-56.3,1
-3.9,-76.9,4
-15.6,126.1,1
-0.4,-68.0,23
-23.1,-67.8,1
-30.6,22.9,1
-23.6,-51.8,2
-19.1,-67.9,3
-16.4,124.7,1
-19.1,-67.7,6
-31.5,23.0,1
-10.5,138.5,5
-8.9,-61.4,1
-9.0,-61.4,2
23.0,46.3,2
0.3,-67.8,63
1.8,110.3,4
36.4,170.8,3
-12.2,21.5,1
0.0,25.6,1
3.3,27.0,2
1.1,-69.8,3
-6.0,95.2,1
-21.0,53.1,1
-13.0,120.7,1
-7.1,147.6,1
-7.2,147.3,5
25.5,-91.8,1
-20.2,-66.6,1
-24.8,18.2,2
-0.3,-69.3,2
-20.2,-66.5,3
-33.2,-56.8,6
-30.1,20.6,1
3.8,-9.4,3
-15.7,125.7,7
-8.3,-59.9,1
-29.3,20.9,1
-8.4,-59.9,6
0.6,70.5,2
-3.5,-50.9,7
2.6,119.2,1
-32.5,-54.4,2
1.2,-69.4,6
34.7,59.3,3
34.6,59.4,2
-4.3,9.4,4
-7.6,-46.2,2
-7.5,-46.1,1
-33.2,-56.7,1
-4.9,-48.1,1
-25.9,-66.6,3
1.9,-73.5,1
-27.1,-51.6,3
0.8,-73.8,2
-26.0,-67.1,2
-15.5,124.6,1
-8.1,118.0,1
-16.2,125.1,3
-22.1,-44.7,12
0.6,9.4,1
-7.8,150.0,7
2.6,97.0,1
-0.2,24.8,10
26.6,-151.8,1
-10.9,26.2,4
-13.5,41.9,3
-34.0,-55.9,27
-13.6,41.8,5
-23.5,-51.9,3
-34.1,-56.0,6
-34.1,-56.3,2
-8.7,-59.9,1
1.3,-69.3,11
-11.7,-56.4,1
-26.9,-49.2,1
-26.8,-49.1,1
17.9,-127.1,2
17.9,-127.0,2
-5.6,-60.1,3
-20.6,51.5,1
-5.5,-60.1,3
-0.2,70.4,3
-0.3,70.4,2
-6.4,-39.2,1
-23.1,-65.6,1
-0.4,93.7,1
-22.0,-43.8,4
17.7,-127.0,1
-0.3,70.5,1
-12.0,-59.0,1
-2.5,25.2,1
-23.7,-50.3,3
2.2,0.9,1
-5.0,147.6,1
-20.3,50.7,2
2.1,0.8,3
17.5,-126.7,26
0.0,25.2,3
17.2,-127.5,2
26.3,-91.2,4
-12.9,129.6,1
-13.1,129.6,16
-14.1,129.6,6
-14.3,129.6,6
-8.6,138.3,1
-35.7,-61.2,2
3.7,-9.5,3
-23.8,-67.8,2
-23.8,-67.7,6
17.2,-127.3,6
0.4,70.0,1
0.4,70.2,1
-9.6,34.3,2
-13.8,129.5,13
-2.2,-72.2,1
0.7,-69.4,4
0.8,-69.4,13
38.6,-49.4,2
-0.3,-68.1,11
27.2,-53.2,11
27.3,-53.2,17
20.8,-101.0,4
-26.6,18.8,1
29.8,-51.5,9
-15.4,124.9,1
21.8,-94.3,11
22.0,-94.3,1
-31.6,-52.7,2
21.9,-94.3,6
1.1,29.2,25
36.3,-179.0,2
0.5,7.1,1
1.0,7.5,1
1.1,-69.3,4
-37.3,-60.2,3
-4.9,107.1,1
0.9,-23.3,2
26.7,-89.7,1
26.6,-89.6,4
1.1,-75.2,1
13.1,-128.8,1
-14.4,128.9,12
-24.0,-50.4,1
-0.4,-73.6,1
25.3,-92.2,1
-15.3,167.6,1
-11.5,-57.6,1
-11.6,-57.5,1
21.1,-124.4,1
32.2,-48.5,3
-20.9,-65.3,1
6.8,25.7,2
32.4,-49.5,2
32.0,-48.5,1
32.8,-48.9,1
19.6,-100.3,37
-3.3,26.6,4
23.0,45.7,1
4.8,109.0,2
4.0,24.2,1
-33.9,-56.3,1
-4.4,27.6,2
26.4,-90.5,57
-15.3,-71.3,7
29.8,-51.8,3
-15.0,-71.3,2
-13.6,122.1,3
23.2,45.0,1
22.9,44.9,3
-3.3,26.8,1
-15.2,-71.2,2
1.9,-69.1,1
1.0,-69.4,6
-29.8,22.4,1
-15.8,125.9,2
-6.4,-61.4,2
2.1,-12.9,10
1.8,-13.1,1
2.1,-12.8,2
-0.1,24.9,10
1.5,-13.3,1
-0.1,24.8,6
-23.2,-67.9,2
0.2,-64.3,1
-0.2,-64.5,5
-21.0,52.7,5
-20.8,52.6,1
-13.9,129.4,4
-15.7,125.3,13
-15.8,125.4,18
-31.1,22.9,1
2.3,1.6,5
-31.2,22.9,1
-18.5,49.8,4
-10.9,-56.4,1
-28.1,-67.9,1
-0.2,-68.0,3
-14.4,171.5,1
26.1,-56.4,2
-22.1,-43.8,4
-4.9,-59.9,12
-30.1,23.4,2
1.0,9.6,2
1.1,9.7,3
-16.4,124.9,1
-8.9,111.9,3
0.7,-76.3,25
-0.6,-67.7,1
-16.4,125.1,4
-0.3,-78.7,2
-0.5,-78.6,5
-33.2,-54.5,1
2.7,-7.5,1
-29.2,20.8,4
-13.9,41.5,1
-13.9,41.7,3
1.6,-54.7,4
-13.9,41.6,1
20.9,-102.9,1
31.3,-50.0,22
-20.7,51.7,1
-20.7,51.6,3
-33.4,-56.9,2
-3.1,96.2,1
-13.8,129.0,1
-13.9,129.2,1
-36.6,155.0,46
41.2,-50.0,1
0.2,-75.8,4
-3.3,96.2,1
-14.3,123.0,15
-14.3,122.9,2
-33.8,-56.0,7
-33.8,-55.9,7
1.4,-69.4,4
-35.7,-64.4,1
1.6,-69.4,9
-36.6,154.8,3
-35.5,-64.1,1
0.8,7.4,1
0.0,-75.8,2
0.0,-75.8,5
-14.2,123.5,1
-22.0,-43.6,10
-7.9,149.9,8
0.8,-75.3,1
32.6,47.4,1
33.0,47.5,1
-0.7,93.5,5
2.3,-67.9,2
2.1,-67.9,4
-1.7,95.5,1
-15.6,125.8,14
-6.9,115.7,1
0.0,24.5,2
-6.0,95.6,3
-22.7,-64.8,1
-34.0,-55.2,2
-23.9,-49.8,3
-0.4,-68.2,8
17.5,-127.2,1
19.4,-99.9,2
-33.7,-55.9,2
-1.2,-60.4,1
2.8,24.4,2
-38.8,-59.3,2
-14.5,-73.8,1
-11.0,137.9,1
-10.5,138.4,11
-10.6,138.4,3
3.3,24.2,1
-14.9,-73.5,9
-14.9,-73.6,1
-10.6,138.5,1
34.0,46.2,1
-14.9,-73.4,4
-0.4,-77.3,1
-5.8,29.2,1
-1.7,25.7,2
-20.3,-65.0,4
-20.3,-65.1,5
-16.6,125.6,3
24.6,-92.6,3
-11.7,-58.6,6
-0.4,-76.3,1
1.8,110.2,7
-0.4,-68.1,61
-13.8,35.1,1
-0.2,-75.7,1
-2.1,-70.4,4
17.0,-127.2,2
-35.7,-61.1,1
1.6,-69.3,4
0.8,9.7,1
-23.9,17.3,3
-32.2,24.1,3
35.9,-179.1,1
-22.3,-44.1,1
34.1,60.5,1
0.2,-75.6,1
-33.3,-56.6,7
-0.3,-78.8,1
-17.1,-70.5,1
-0.1,-78.8,2
-0.2,-78.8,2
4.8,-61.2,3
25.1,-92.3,5
23.7,-93.2,62
-17.2,-70.5,1
2.2,-12.9,3
-0.1,25.6,23
23.1,45.8,6
-6.4,28.9,1
-5.9,109.3,1
15.3,-92.2,1
-11.5,-56.5,1
-20.7,-175.2,9
-4.3,9.2,1
3.2,23.8,3
25.1,-92.4,5
25.0,-92.4,16
-5.7,111.6,3
-33.9,-56.1,21
-34.0,-56.4,1
6.7,25.7,2
25.1,-92.5,1
-4.8,108.1,11
-6.0,108.9,7
-26.6,-51.6,2
-9.8,39.6,1
-4.0,-77.2,1
-3.9,-77.0,1
-5.1,-59.8,2
-0.2,8.9,7
-2.5,25.5,2
-2.5,25.3,1
-24.4,150.4,5
-6.2,28.6,1
-19.3,-65.7,1
1.7,-69.4,4
19.4,98.5,1
0.4,-75.9,8
1.8,-69.3,1
-1.3,-48.4,2
-24.1,17.2,5
-38.5,-61.0,1
-4.5,96.8,5
-9.6,-61.4,11
-24.1,17.4,2
19.7,-100.2,3
-27.1,-51.4,1
-27.1,-51.7,1
4.1,120.0,3
23.2,47.4,2
1.0,-69.5,6
-25.9,-67.0,1
4.2,120.3,1
-25.4,-52.9,3
-25.4,-52.8,2
-23.7,-50.2,3
-4.5,29.5,1
0.9,-76.1,24
5.8,66.8,7
4.9,109.2,1
3.4,24.3,1
3.4,24.0,3
-16.0,125.8,2
-15.9,125.7,1
-38.7,-61.0,1
17.8,-126.6,86
-4.9,108.2,15
-1.7,-49.0,1
2.0,-69.7,1
3.2,-54.5,2
3.4,-54.5,6
26.1,-91.1,39
2.9,2.3,3
-22.7,-44.8,1
34.3,59.1,1
-0.3,-68.9,1
42.1,-50.1,1
-16.0,-70.0,1
-10.8,26.1,2
-7.1,115.5,8
-0.2,-68.8,6
-4.7,-48.6,1
30.3,-88.9,2
-12.8,129.0,3
23.5,49.1,1
-17.9,160.9,1
-4.2,-48.8,1
2.4,106.2,1
-1.8,-69.4,1
2.4,106.1,17
-4.1,28.4,2
19.9,-102.9,9
19.0,-99.6,1
4.1,-9.1,2
-0.9,-70.6,1
1.8,7.2,9
2.0,1.2,5
-12.1,-59.6,6
25.4,-153.1,8
-6.3,-60.7,1
34.7,59.2,1
21.0,-102.9,1
25.3,-153.2,1
23.3,45.4,2
-28.8,152.8,1
18.1,-126.7,14
26.8,-151.0,1
-6.4,-60.3,4
-32.1,24.1,8
-6.4,-60.2,3
-15.4,124.7,2
23.5,-57.9,2
-4.3,27.4,4
-4.3,27.6,3
-22.4,-65.4,1
-3.6,-70.7,45
-6.4,28.7,9
0.7,70.0,2
0.6,7.0,2
19.9,-103.7,2
-0.5,-78.5,1
20.0,-103.7,10
20.1,-103.6,2
-0.5,-78.7,6
-2.2,-69.2,1
-37.1,-60.7,1
-12.4,-58.7,4
29.9,-51.4,62
31.3,-50.2,17
21.8,-94.4,1
-3.2,-62.6,5
-25.8,-64.9,3
-4.3,29.5,6
-29.8,-109.4,2
-38.6,-60.7,2
-27.0,-52.6,3
17.1,-127.4,13
1.1,-69.4,5
-13.3,129.7,17
-13.4,129.7,5
-13.4,129.5,7
19.0,-97.8,1
-34.7,-64.7,1
-5.0,-59.9,8
25.0,-92.6,1
-34.3,-60.6,1
35.3,172.3,1
35.2,172.3,1
-11.7,-58.5,2
-20.7,-175.3,10
20.0,99.8,1
-0.5,-68.1,9
26.5,-56.4,1
26.1,-56.5,2
26.2,-56.4,2
25.8,-91.4,46
-6.4,-60.6,10
17.8,-126.9,5
-27.3,-52.8,1
-33.0,-55.0,1
-16.9,-70.6,3
-32.4,-53.3,11
-32.2,-54.5,2
-27.3,-51.0,1
-19.0,-65.7,1
-8.2,-48.6,3
24.7,-92.4,1
24.9,-92.4,15
-25.7,-52.7,1
-6.6,109.7,1
-21.7,-64.6,1
-31.9,24.1,2
26.4,-90.9,10
-19.2,-65.4,3
-8.2,-48.0,2
33.0,-47.8,1
-4.8,-65.8,1
-14.5,123.1,2
-7.0,116.4,4
-14.4,123.0,2
-6.9,116.4,1
1.2,5.0,3
0.5,25.4,3
-33.0,-54.9,14
-15.4,125.8,19
-15.3,125.8,7
-5.3,-46.7,3
-8.9,139.5,1
-30.4,23.6,3
-36.1,-56.7,2
-16.6,125.2,1
-29.2,-67.8,4
-10.0,39.5,1
2.4,65.6,2
-26.5,-51.6,1
-23.1,-64.8,14
-4.8,124.4,1
-0.5,24.3,1
-7.0,115.0,3
0.9,-69.3,16
-17.4,125.1,2
4.7,24.5,1
-4.8,-59.9,5
-32.5,-54.2,4
-5.8,96.0,1
3.8,-9.6,2
0.4,-67.7,2
-3.6,-51.0,1
17.6,-126.6,63
-34.7,-53.3,1
-10.9,26.4,1
-23.2,-48.4,1
24.6,-92.1,1
0.9,9.6,2
-29.7,-109.3,1
3.8,95.6,2
2.2,139.4,1
2.2,139.3,1
-1.4,-77.1,1
-5.5,-81.5,1
-1.3,-77.1,1
32.8,47.6,4
-4.7,27.4,1
-15.5,124.9,5
-19.3,-67.3,1
-0.5,-70.6,3
-11.8,-58.5,2
-22.2,-43.8,3
-7.7,-45.2,3
-36.2,-63.2,2
-36.3,-63.4,2
-5.4,92.2,1
0.6,-69.5,2
-30.9,22.9,1
0.9,5.5,8
1.1,-69.2,1
-36.4,155.0,12
-12.5,128.4,7
-12.5,128.6,35
39.8,179.7,1
39.8,179.8,1
33.0,34.7,2
-16.4,-69.9,7
-16.3,-69.9,2
30.3,-50.7,6
-33.4,-55.9,10
30.4,-51.0,11
-35.8,153.3,1
0.0,-67.9,3
-4.8,-59.7,2
-7.9,-47.9,3
-22.1,-44.1,6
-4.8,-60.0,3
-4.3,-59.4,1
-10.3,138.4,2
-10.8,-57.2,2
-40.9,-54.1,2
-30.4,23.2,1
-12.3,21.6,4
-14.2,123.7,2
-6.2,28.7,2
32.3,-49.4,1
18.9,-97.5,1
-6.0,108.7,2
-34.0,-55.3,1
0.4,25.2,27
-0.1,8.8,13
0.4,25.1,5
-0.7,-77.1,2
-26.2,-67.3,3
-14.3,129.0,5
-15.6,124.9,16
-4.1,96.7,13
-0.3,25.7,4
-0.3,25.6,2
5.5,-13.6,1
10.8,-112.3,2
6.7,-12.8,1
-4.1,-70.7,1
-35.6,-61.0,1
3.5,-54.0,1
-22.0,-44.7,5
3.5,-53.9,1
-8.4,-48.1,1
27.5,-54.2,2
37.3,136.2,1
4.0,-9.7,2
-7.9,-68.6,6
-15.4,47.2,1
-28.1,-107.3,1
-9.2,30.8,1
-28.1,-107.2,1
-14.2,129.7,3
-14.3,129.5,5
0.6,70.3,2
-6.6,-60.3,2
-9.2,-61.5,1
1.2,-69.6,2
-1.9,-48.7,1
-5.9,-60.1,1
-1.7,-48.5,1
26.2,-90.5,12
32.0,-23.9,7
32.1,-23.9,6
32.2,-23.9,4
42.4,-49.8,1
2.9,23.3,1
3.9,-53.9,1
0.6,70.0,2
-0.6,-68.1,11
18.2,-126.7,16
3.0,24.1,3
-16.3,-60.2,1
-3.2,96.1,1
-16.4,-60.1,20
22.6,-93.8,11
2.9,2.2,1
-3.9,28.1,3
5.3,-22.5,1
-18.5,-67.0,1
-18.4,-66.9,1
6.3,25.7,1
-9.6,-76.3,1
-18.5,-66.9,5
3.6,-9.2,3
-4.6,-48.4,1
-5.1,-48.7,3
-23.9,-50.3,1
-26.3,-51.6,1
-36.2,-56.8,1
-2.5,25.8,1
-10.8,-56.4,2
-6.1,-68.4,1
-6.0,-68.5,1
-10.9,-56.3,1
-0.2,-64.6,3
-34.7,-59.6,2
-8.0,-48.2,4
-14.7,-71.7,1
-10.0,39.2,1
1.0,-73.9,1
1.7,-4.5,1
-29.3,-67.7,6
-29.3,-67.6,1
-13.0,128.7,3
-10.9,170.6,2
-35.8,-60.8,1
-35.9,-60.7,1
32.2,-48.4,8
-0.2,25.7,13
-6.9,148.4,1
-6.7,-61.3,2
17.7,-127.1,1
26.2,-91.1,24
26.0,-91.1,11
-14.7,123.3,1
-6.6,-61.2,2
2.5,118.9,4
-10.3,-40.7,1
-28.3,-53.3,2
-32.3,24.0,1
0.9,-23.4,1
-24.5,17.9,2
-5.0,125.3,1
23.2,46.8,2
-33.9,-56.0,14
-35.9,153.3,1
-24.1,17.3,3
-0.4,-69.1,4
-18.6,49.9,3
-4.8,-59.8,2
1.6,90.5,1
2.1,1.0,2
-4.9,-59.8,2
-23.3,-64.9,1
-23.3,-65.0,1
0.7,-75.3,2
2.0,-69.2,1
-6.4,-60.8,3
-0.1,71.3,1
-22.3,-44.4,2
-22.2,-44.4,1
-29.7,22.6,1
-35.8,-61.0,1
29.9,-51.5,42
-6.9,36.7,1
-18.3,160.9,4
19.8,-124.6,1
29.8,-51.7,6
29.9,-51.7,3
0.6,-75.8,5
-8.0,-68.5,3
-8.1,-68.7,2
-12.0,-75.9,1
-12.0,-76.3,1
-12.0,-76.2,4
-11.8,-76.3,1
2.5,106.1,3
5.0,-57.0,1
0.2,25.4,18
0.0,-69.9,1
0.9,-76.2,32
-15.1,-73.9,14
26.3,-90.5,84
26.5,-90.4,7
-20.0,-170.5,2
3.6,-59.3,2
23.2,-57.8,2
-0.1,71.0,2
23.0,45.8,4
-11.8,-58.6,1
42.3,-50.1,3
-11.9,-59.8,3
-33.9,-61.1,2
-35.5,-63.8,1
-15.7,125.8,8
31.4,-50.2,3
-9.5,-59.6,2
20.3,100.2,1
-1.8,-70.4,8
-2.1,-69.7,8
-25.0,-67.7,1
1.0,9.5,12
-36.8,154.8,1
-36.9,155.4,3
-20.2,-65.1,2
-14.0,122.4,2
-5.3,-81.5,1
-8.3,-48.3,1
-8.2,-48.2,9
-5.3,-47.3,2
-25.2,19.2,5
-14.4,-72.5,1
-4.9,97.6,2
30.3,-51.0,33
3.1,-75.7,1
4.0,-56.2,1
4.2,-56.4,1
-19.3,50.4,1
-16.7,126.0,3
-19.2,-67.8,2
18.3,-97.1,1
1.6,-75.4,2
-37.2,-62.6,1
-35.2,-64.1,1
19.1,-97.0,1
-24.7,-50.5,2
2.7,-74.4,1
1.4,-75.5,24
-5.1,-59.9,8
25.4,-153.0,1
-8.0,117.8,1
-8.1,117.9,1
-14.9,-72.1,29
-15.0,-72.2,5
-14.9,-72.0,3
36.5,170.8,1
-15.0,-72.1,3
-6.5,28.6,3
-6.5,28.7,5
-0.4,-73.8,4
-12.3,128.7,1
-32.6,-55.3,3
-0.2,24.9,36
-5.0,31.1,1
-5.0,31.2,1
-14.1,-56.5,1
32.1,-49.3,11
-4.9,-60.0,5
35.6,172.8,1
0.6,70.4,5
-21.3,-67.4,1
-14.4,43.2,1
-16.2,-68.9,1
-17.3,-69.0,3
-7.9,-68.5,1
24.3,-92.8,14
24.2,-92.8,7
0.1,-73.5,1
-22.9,-53.7,3
7.1,-12.6,1
7.1,-12.4,1
-18.0,-55.2,1
-5.5,27.7,1
-33.6,-54.5,3
-33.6,-54.6,1
-5.4,27.4,1
-1.4,-48.5,1
10.9,-112.2,2
-14.6,-72.4,2
-15.0,-72.6,1
-8.6,-62.3,1
-39.5,-57.5,1
-14.0,41.8,10
-8.3,-62.0,1
0.7,-68.1,19
-38.5,-61.5,1
-8.4,-62.0,1
-14.7,45.9,2
-6.5,-60.4,1
26.3,-91.0,34
-8.7,-49.0,2
26.2,-90.9,10
-5.9,111.8,2
-2.3,-69.5,1
-2.4,-69.5,2
-2.0,26.3,4
17.4,-126.9,21
27.8,-54.2,1
-0.4,-78.7,3
-39.3,-58.2,3
25.4,-92.0,1
-4.1,-76.9,1
-4.4,28.0,3
1.7,-54.7,1
1.8,-54.6,1
37.1,136.3,1
19.3,-125.4,2
37.0,136.3,1
1.9,-54.7,1
1.5,-54.8,1
-0.5,24.2,1
-0.5,24.4,1
-12.7,128.5,8
0.4,-76.2,5
0.6,-76.2,29
-8.1,-47.5,1
-11.6,124.3,2
-11.6,124.4,1
-18.6,-66.8,2
-18.3,161.1,2
-6.5,-61.4,1
23.1,46.6,3
-37.2,-58.1,1
-5.8,-60.1,1
-4.0,28.3,2
-30.2,127.2,2
23.9,49.2,1
-4.0,8.9,12
1.4,-75.4,12
-4.1,9.0,4
-4.1,8.8,6
-17.6,31.1,2
-1.9,25.3,1
17.3,-100.0,37
-25.0,-65.8,1
34.6,59.1,1
0.5,10.6,3
-6.7,28.4,3
23.4,-57.9,3
0.5,10.7,1
35.9,170.4,1
36.0,170.3,1
24.2,-56.3,5
24.3,-56.4,3
42.2,-50.1,1
42.1,-50.0,1
-0.7,-69.3,2
20.4,-102.2,3
-25.3,19.1,2
-39.6,-57.8,1
-19.2,-65.8,2
-27.6,-52.4,1
-2.6,25.3,1
2.5,25.2,1
0.5,-69.7,2
-3.4,-50.7,6
-9.1,-61.4,1
-9.0,-61.5,2
31.9,-48.5,1
-15.6,125.4,33
0.6,-79.5,1
23.1,45.2,4
2.4,-78.2,1
-14.0,-56.5,3
2.6,118.9,1
-3.5,28.3,1
-6.4,-60.7,1
-22.2,-44.3,1
-2.2,-69.6,2
-6.0,95.3,5
-4.2,96.6,5
38.7,-49.4,2
-0.1,70.5,30
28.8,-51.4,1
27.4,-53.2,2
-5.6,-45.3,1
6.6,25.5,17
-1.1,135.1,1
-6.5,-60.5,3
-5.6,-45.2,1
1.8,1.1,35
-16.4,124.4,2
-16.4,124.3,1
-25.9,-64.8,2
-25.9,-65.0,3
-16.5,124.5,1
4.9,108.9,4
20.5,-102.1,1
-6.4,-37.1,1
20.5,-102.2,5
-9.5,34.1,1
38.6,179.9,1
0.6,-79.4,1
0.2,98.8,3
-9.5,-59.4,1
-9.6,-59.4,1
23.7,-93.5,9
-3.5,-70.7,33
-6.4,94.6,7
-7.7,-59.7,1
23.3,49.2,1
-2.6,25.7,2
26.6,-151.7,2
-0.2,71.2,3
25.0,-92.3,15
24.9,-92.3,8
19.1,-98.2,10
6.1,25.4,3
2.7,24.3,4
-5.2,-59.8,2
-13.7,121.8,8
30.2,-51.8,1
30.0,-51.8,2
2.6,24.2,11
-8.0,-68.6,1
2.6,-7.5,1
41.5,-50.0,3
41.4,-50.0,2
-12.3,-58.8,10
3.5,-54.3,2
19.5,-125.1,96
19.4,-125.2,11
3.5,-54.4,5
-13.7,121.9,20
-13.6,122.0,3
40.2,179.0,1
-37.5,-59.9,3
-12.1,-59.8,9
-20.3,-66.6,3
-3.1,-62.5,3
-20.3,-66.5,1
-20.4,-66.6,1
-3.4,-62.7,1
-4.9,108.4,36
0.4,25.3,9
1.1,-69.6,3
-22.4,-65.8,1
-3.5,-70.5,1
-13.8,41.8,1
-12.4,21.6,1
-23.0,-48.2,1
-23.1,-48.3,5
-6.5,109.7,7
6.1,-108.2,1
0.6,-76.0,2
0.4,-76.1,5
-0.2,-68.7,3
-16.5,125.1,1
-22.8,-48.6,1
-15.4,-70.8,2
0.8,-68.2,8
0.8,-68.1,9
-34.0,-56.1,4
25.7,-91.4,55
25.5,-91.4,7
19.8,-124.9,14
1.0,-76.5,18
1.1,-76.5,9
30.2,-51.5,2
-25.8,-64.8,10
30.1,-51.6,2
1.5,-69.4,24
-15.7,124.8,1
-11.0,26.3,1
1.4,-75.9,1
1.1,-76.0,2
-16.2,-60.2,1
-1.8,100.3,1
-0.5,25.7,1
-35.0,-60.0,2
-34.9,-60.0,1
18.1,-126.6,36
-25.4,-49.0,1
-19.9,50.4,1
-36.6,154.9,3
0.3,10.8,1
-8.2,-48.4,34
26.7,-89.5,5
-12.8,128.4,2
23.0,46.4,1
1.3,5.0,3
-9.9,123.1,1
27.6,-54.1,9
27.9,-54.2,1
-4.6,97.5,10
-0.8,-67.9,3
-38.6,-60.0,5
-3.7,-51.0,1
-4.4,-76.7,4
4.7,110.1,13
4.6,110.1,8
-5.6,-60.0,1
-7.9,149.0,2
25.6,-91.4,33
3.6,-9.3,1
22.9,46.0,8
-4.4,27.7,4
24.8,-93.0,1
22.8,46.0,4
-8.8,139.4,5
-6.9,116.5,1
-0.5,-68.0,2
-0.1,-69.0,1
-14.1,-56.7,2
-5.3,-48.5,1
-27.0,-49.0,3
-27.0,-49.1,2
-18.5,49.9,2
-7.8,149.9,6
3.7,24.0,1
22.7,-93.8,2
-36.4,-61.6,1
-24.8,-67.5,2
-8.1,-47.8,2
-4.1,148.8,1
-17.0,-69.6,1
-16.7,-69.4,5
-16.9,-69.6,1
26.6,-89.9,1
-4.6,96.7,1
-30.5,23.5,3
4.1,120.1,6
-2.1,-69.6,4
4.2,120.1,2
4.0,120.1,2
22.6,44.5,1
-37.7,-61.4,2
4.5,-56.2,4
4.5,-56.3,3
-36.2,-56.7,3
-4.6,27.5,4
33.1,-47.8,1
33.0,-47.7,3
-39.4,-58.8,1
-0.2,-75.9,8
27.3,-53.1,10
-13.0,129.7,2
27.2,-53.1,6
-13.0,129.6,1
-13.1,129.5,9
-34.5,-60.6,1
-16.3,125.3,7
2.1,-13.1,11
26.3,-91.5,1
-8.5,33.3,1
-16.5,125.5,1
-23.2,-64.7,2
-13.9,129.0,1
2.6,97.1,1
-21.7,-50.0,4
-21.7,-49.9,3
5.3,24.4,2
-7.2,93.0,1
6.3,25.5,14
24.4,-92.8,5
1.5,-3.7,15
1.6,-3.8,29
4.0,23.9,1
3.6,-9.5,2
3.8,-9.3,2
-16.8,-70.6,1
-16.8,-70.5,1
1.1,-68.0,9
1.2,-76.5,1
-13.8,41.6,1
-25.8,-52.8,2
-25.9,-52.9,2
-5.3,-47.2,1
0.9,-53.5,2
3.3,-54.1,2
1.0,-53.5,2
16.2,-97.2,1
3.3,-54.0,1
32.9,47.8,2
32.9,47.6,4
-35.8,153.0,86
-4.3,-48.9,1
-6.8,148.3,1
-7.0,36.7,1
-18.3,-65.5,1
18.3,-126.7,4
2.3,-78.2,1
-37.8,-61.9,1
-6.5,-61.3,1
-6.6,-61.4,2
-6.6,-61.3,6
3.9,24.2,2
19.0,-100.0,6
-31.1,-52.0,2
-7.7,-68.6,1
16.1,-97.2,4
30.4,-50.9,13
30.4,-50.8,17
6.5,25.4,27
30.1,-51.0,2
41.3,-49.9,2
41.4,-49.9,6
30.0,-51.2,6
6.4,25.3,17
-4.9,125.4,3
-32.9,-55.0,4
-38.6,-60.6,1
0.7,7.1,2
-7.6,-66.6,8
-10.9,170.7,1
27.3,-150.9,1
-21.6,-49.9,3
3.4,24.1,1
-28.5,153.1,4
1.9,-69.8,4
-31.4,-69.1,1
-15.9,125.2,5
23.1,47.4,1
-29.2,20.7,1
0.2,9.0,2
-13.6,129.6,4
32.6,-48.8,1
-10.4,-40.6,1
32.6,-48.7,1
-6.0,96.0,2
21.1,-124.2,2
0.5,-76.2,9
-32.9,-53.0,1
-41.0,-53.5,1
-41.1,-53.5,2
0.8,9.6,2
0.9,9.5,4
-8.3,-48.4,7
-16.4,125.0,1
-16.4,125.2,4
14.4,-90.5,1
0.6,-69.3,1
-37.3,-60.5,3
-17.2,125.0,1
-17.4,-60.7,1
31.2,-50.1,11
-23.9,-50.2,1
24.1,-93.2,2
-8.8,-59.9,2
-36.4,154.9,21
-36.5,155.0,18
-36.4,-63.3,1
-36.3,-63.1,1
1.7,-3.8,4
-14.1,122.5,5
23.2,46.9,3
-3.7,-70.6,7
-3.5,-70.6,2
16.1,-97.1,2
2.7,25.2,1
2.0,7.3,1
-6.5,109.6,5
-28.5,-108.2,1
-35.9,152.8,5
1.4,-76.4,1
-0.3,-75.9,1
-0.1,-75.8,1
-13.5,62.5,1
0.8,-69.9,5
-25.3,19.3,1
29.7,51.6,1
30.0,51.5,1
18.9,-99.6,3
31.8,-49.7,3
-37.2,-60.5,4
-33.3,-56.0,10
-14.3,128.9,3
1.6,-13.3,2
2.3,-13.0,4
-6.0,95.4,2
4.2,-56.3,1
5.5,-57.0,1
4.3,-56.2,1
-8.1,-48.0,1
4.3,-9.0,1
-16.3,126.6,2
7.1,25.7,3
-13.8,129.8,24
17.3,-127.5,2
4.6,-56.3,4
-16.1,126.3,5
0.5,-75.9,3
-35.4,-63.9,1
-17.0,125.2,2
-23.7,-67.9,1
-23.7,-67.8,2
-4.9,107.2,2
23.7,-57.8,2
23.4,-57.8,5
-24.4,-50.7,10
23.5,-57.5,1
23.5,-57.7,3
-23.9,-50.6,2
-6.2,28.9,2
23.6,-57.6,1
1.8,90.3,1
1.6,90.4,4
32.2,-49.3,2
32.0,-49.0,1
23.5,49.0,1
-34.3,-60.2,2
32.6,47.6,3
-16.5,125.4,6
-3.3,-47.0,1
-5.0,-48.6,4
27.2,-90.6,1
-7.1,115.1,7
-8.2,-48.3,27
0.7,132.1,1
23.4,47.9,3
-15.2,124.2,2
-25.3,19.0,1
15.7,-127.6,1
-24.3,150.3,1
-22.9,-53.6,1
-33.4,-56.0,3
-29.3,-67.9,1
-36.0,-57.9,2
-24.0,17.3,10
-32.2,24.2,2
3.2,25.7,1
-13.3,34.8,1
-2.2,-69.7,6
-2.0,-69.7,1
-16.1,125.8,1
4.8,24.7,1
4.3,24.5,1
4.8,-62.0,6
-5.7,-60.1,7
-5.6,-60.2,1
3.6,-67.5,1
-10.5,138.3,2
-16.3,124.7,2
23.6,-92.3,1
-12.4,-59.0,3
19.6,-100.4,29
-33.7,-56.0,1
3.5,24.2,1
-11.8,128.0,2
-9.5,-59.5,2
-1.4,-78.4,1
-24.5,-50.7,1
-23.4,-52.8,1
-11.0,-75.9,1
-23.4,-52.7,1
-11.7,-56.5,2
-31.5,-52.1,2
-12.6,128.6,16
0.3,-76.3,7
-33.3,-54.1,2
-33.4,-54.3,1
-33.2,-54.1,1
-9.1,33.7,1
6.9,26.0,1
7.2,26.1,1
0.0,71.2,1
0.6,-76.3,62
-15.3,-71.2,4
4.7,-62.0,6
34.0,58.8,1
-6.4,-66.5,1
-23.1,-48.5,4
23.0,44.9,3
22.8,44.5,1
32.3,-23.7,5
6.9,25.6,12
32.5,-48.7,1
0.2,-76.0,14
-25.2,23.9,1
-25.2,24.0,1
-25.2,23.8,1
0.7,-76.2,40
-5.2,-48.9,1
-22.3,-44.2,1
5.6,-22.5,1
17.3,-127.1,1
18.1,-126.8,1
-15.4,124.8,1
30.0,-51.7,3
33.1,-47.7,2
-17.5,-69.5,3
33.2,-47.7,2
1.0,-75.6,1
-35.1,-64.0,1
-3.4,-70.8,28
2.2,-67.9,3
-7.8,-47.7,1
19.1,-100.0,47
2.8,-53.9,1
-4.9,107.9,3
31.7,-48.9,1
0.0,-64.6,2
-9.8,34.4,1
-0.1,-64.6,8
22.9,46.5,1
-6.4,-82.5,1
-4.9,27.5,1
-0.1,-64.7,1
-3.5,-70.4,1
-3.0,-70.3,1
-15.8,126.2,1
42.4,-50.1,1
42.2,-50.0,3
18.1,-126.5,10
0.2,9.1,17
-5.9,108.9,7
-26.4,-67.5,1
-26.0,-67.3,1
-0.1,71.2,3
-11.7,-56.7,8
-21.0,-64.6,1
-3.0,-62.6,1
4.7,110.0,3
32.8,47.5,2
-34.0,-56.0,6
-7.1,116.5,1
0.2,-76.5,1
-24.8,-67.3,3
5.9,66.8,6
-5.8,107.3,1
-5.1,-77.3,1
2.5,119.0,2
-15.9,126.7,2
26.3,-91.1,4
26.1,-91.0,57
26.4,-151.9,6
26.4,-152.0,3
26.3,-151.9,1
-6.1,95.8,2
-7.9,-48.2,3
-0.2,25.0,5
-5.4,-47.5,1
-26.6,-49.1,2
-15.6,-70.7,1
39.5,-179.4,2
3.1,23.9,8
-6.5,-59.7,1
-5.2,-48.7,1
-6.7,-59.9,1
-33.2,-54.9,9
15.2,-127.9,1
-1.9,26.3,1
-16.5,125.2,2
-4.5,27.9,2
3.9,-10.9,1
-6.4,-60.5,2
-24.0,17.1,5
-26.9,-49.0,3
-26.8,-48.8,10
-4.3,-76.8,3
-4.7,97.5,5
-36.8,-62.0,1
-14.3,129.4,3
-26.5,19.1,3
0.6,9.5,1
-13.1,129.8,7
-41.0,-52.7,1
-16.3,124.1,1
-21.5,-49.1,2
-21.5,-49.2,1
2.1,-69.8,6
2.0,-69.9,14
-9.0,-61.3,2
1.0,-76.6,4
-21.7,-50.1,1
43.2,179.6,1
-11.9,-59.9,1
-33.3,-56.1,1
4.1,23.8,1
19.4,98.7,2
-1.5,26.6,1
-7.8,149.8,5
-12.1,-59.9,10
-1.0,-76.7,1
-21.1,52.6,2
1.3,4.8,12
2.4,106.0,2
1.2,-69.3,1
19.6,-125.1,187
-14.7,-72.8,3
-29.1,20.9,3
-24.2,17.4,2
1.7,-3.6,4
-6.5,-37.2,1
-6.5,-37.3,1
-14.7,129.4,1
23.1,45.1,4
0.7,-75.7,2
-4.1,96.6,4
-18.1,162.4,16
-33.1,-54.8,11
-7.1,115.6,6
1.0,5.3,1
1.6,-74.9,1
0.1,-75.8,3
-12.9,129.1,3
-3.1,26.3,1
-38.8,-60.8,1
-14.9,-72.2,3
-3.0,26.5,1
27.8,-54.3,1
24.8,-92.1,4
36.4,-168.0,3
36.4,-167.9,6
-16.4,125.3,22
36.3,-168.0,2
-16.3,125.4,11
4.4,-56.3,7
-6.8,148.2,1
2.6,24.3,17
-23.8,-49.9,2
-15.9,126.1,2
-11.5,-60.7,1
3.9,23.9,3
32.5,-48.0,2
-21.6,-48.0,11
-0.4,-74.1,1
32.1,-48.4,4
-1.9,-69.5,1
32.4,-48.2,1
30.0,-51.4,33
-8.6,33.4,1
-21.6,-44.5,1
-21.7,-44.5,1
-4.2,8.8,1
27.8,-53.6,5
27.6,-53.6,1
28.0,-53.6,2
27.7,-53.7,1
23.2,46.6,1
-12.0,127.9,1
-6.1,112.6,3
-4.2,29.5,8
-13.9,130.0,1
-26.9,-51.6,1
-0.2,25.6,19
-4.7,96.9,2
13.1,-136.8,2
2.0,-74.8,1
-7.2,115.4,1
-21.9,-44.5,11
-17.3,125.0,2
1.1,-68.1,8
15.2,-128.0,1
-7.8,-47.8,1
-14.5,123.8,1
5.3,109.2,4
-7.8,-66.6,2
-7.7,-66.5,11
-18.1,-154.9,2
-4.5,-59.2,3
-4.5,-59.3,1
-4.8,-59.6,1
-4.9,29.0,1
-4.6,-48.8,1
-5.6,110.9,6
-4.3,28.4,1
-3.7,-70.7,5
-14.6,43.3,1
-14.5,43.3,11
-16.4,-70.1,2
-18.6,49.8,4
-13.9,123.0,2
-8.1,-48.2,3
-26.9,-52.6,4
20.1,-103.7,1
-27.0,-53.1,1
-13.9,42.1,2
-5.2,29.1,5
-27.0,28.2,1
-20.8,51.6,1
1.5,-69.9,1
-38.9,-59.3,1
2.2,-69.8,2
-4.5,27.6,3
3.6,-67.6,5
-35.7,153.1,6
-33.2,-60.1,1
-33.3,-59.8,1
-22.9,-65.2,3
-24.6,-50.5,1
-2.5,25.4,4
-2.3,75.3,1
-37.0,-62.7,3
1.6,-3.9,3
-12.7,128.7,69
32.1,-24.0,1
5.8,66.7,20
32.2,-24.0,5
-7.0,36.5,2
0.3,-76.2,17
41.6,-49.4,1
1.9,109.9,2
0.5,70.5,1
0.5,70.4,1
-8.8,139.7,2
-8.5,139.2,1
-4.2,-76.7,4
-13.3,34.9,1
-12.2,-59.4,1
24.7,-56.7,1
-13.4,34.9,4
-14.4,129.1,1
-13.5,129.9,13
-0.1,24.0,6
-6.2,-66.4,1
-6.6,-66.9,1
-6.1,-66.4,1
-5.1,124.8,1
-5.0,124.6,1
34.3,60.7,2
2.5,65.7,1
2.5,65.6,1
-8.3,-61.3,1
-22.7,-65.3,3
3.1,-9.9,1
23.4,47.8,1
-21.4,-47.9,5
-4.6,97.4,18
-4.4,97.1,1
-13.5,129.6,3
1.3,-69.5,3
-14.1,-56.9,1
-24.1,-66.9,1
-1.7,95.4,1
0.4,-69.6,1
0.4,-69.7,1
-33.4,-56.8,2
1.8,1.0,18
25.0,-92.2,24
2.0,-13.1,10
2.3,-12.9,2
-32.5,-55.4,2
-6.9,151.4,5
-6.9,151.5,3
-7.0,151.3,1
-6.8,151.4,1
0.1,25.3,3
-1.1,-67.9,5
24.5,-92.9,1
-0.9,-67.9,1
-16.1,126.0,2
24.0,-92.7,1
-7.5,151.3,2
24.3,-92.7,25
-23.1,-48.2,1
-30.5,-64.8,1
-27.1,-48.8,1
-4.6,-59.9,3
-32.4,-53.2,7
31.4,-88.8,2
35.0,173.3,1
2.1,-69.9,4
2.0,1.4,3
7.0,25.5,8
7.1,26.0,1
3.5,24.0,4
7.6,-63.6,1
-36.1,-56.6,2
4.0,23.8,3
27.7,-54.1,12
27.5,-54.6,1
-14.1,-57.5,1
1.0,-78.2,1
1.1,-78.1,1
-6.5,91.8,2
-6.2,92.1,1
-16.1,126.2,4
19.1,-99.9,75
-13.8,129.6,20
-13.8,129.7,11
24.8,-92.4,5
-12.5,128.1,2
-13.5,42.0,9
-2.5,-73.5,2
2.5,-78.1,1
2.2,-78.1,2
2.8,-78.0,1
-37.7,-60.2,2
-16.2,124.6,3
-10.1,34.2,1
-20.2,50.4,2
-20.4,-66.4,2
-19.5,-45.1,1
-19.6,-45.2,1
-25.8,-48.1,1
-22.3,-44.6,1
0.5,-75.1,1
-15.4,125.9,9
-4.6,-47.3,1
-10.2,39.9,1
1.9,7.4,1
27.8,-54.4,1
23.0,45.1,5
27.5,-54.5,1
30.3,-50.8,39
1.5,90.3,2
30.7,-50.9,1
-4.8,97.5,3
-28.7,152.6,1
-12.5,128.7,8
-7.5,116.2,1
-0.1,25.2,2
26.2,-90.4,4
-27.9,-52.9,2
-33.2,-52.8,1
-33.1,-52.9,1
0.1,-75.7,1
-4.2,96.7,21
-15.2,-73.3,2
-2.0,26.2,2
-2.0,26.4,1
-4.0,97.3,1
19.7,-125.0,30
-35.8,152.9,16
17.7,-126.5,10
-36.5,-59.5,2
0.4,10.6,2
-10.8,170.7,1
-2.7,25.0,1
23.3,47.0,5
-21.8,-49.3,1
1.4,112.2,1
-8.8,-60.0,1
-10.0,39.8,2
34.4,168.2,1
34.4,168.9,1
34.5,168.2,2
-5.3,29.0,1
-26.7,-48.8,7
34.3,168.3,1
4.7,-56.2,1
-6.3,28.9,2
-23.1,-44.6,1
-21.9,-44.4,3
-7.7,-66.6,16
-7.7,-66.7,2
23.0,46.0,4
22.9,46.1,3
-14.1,122.9,1
-14.4,122.7,1
-16.1,124.3,5
-0.6,-67.8,1
-39.2,-58.0,6
-39.2,-58.1,8
20.9,-103.0,1
-36.6,155.2,34
-24.6,-53.8,1
1.4,-2.5,5
-38.7,-60.7,1
-38.7,-60.8,2
-6.1,94.9,3
3.9,23.8,2
-18.3,161.5,5
-5.0,-59.8,2
-13.6,-58.4,1
-0.5,93.5,1
-3.5,28.0,1
-23.3,-48.4,2
-3.6,28.4,1
23.9,-93.2,10
24.0,-93.2,18
-26.8,-51.9,2
27.4,-53.1,4
27.5,-53.2,1
-0.2,-73.4,1
0.4,-73.0,1
-0.8,-73.5,2
-0.7,-73.5,3
-12.3,21.5,1
-5.6,107.3,1
-20.0,-66.7,1
-19.9,-66.7,1
1.9,-74.9,1
-4.4,-49.0,2
1.5,-75.5,7
4.7,108.9,1
1.5,-69.3,2
-20.2,-65.0,14
-20.1,-65.0,1
-22.0,-66.1,3
-12.4,-67.7,1
-13.4,129.6,13
-12.7,128.8,18
-35.7,-56.9,1
-5.9,109.0,26
0.5,-76.7,1
-13.0,128.9,2
-24.0,17.0,2
-23.9,17.0,2
19.7,-100.3,5
43.1,179.5,1
19.8,-100.2,1
41.5,-49.9,1
-17.9,-55.3,1
-33.1,-56.2,3
2.5,-7.6,1
7.4,-63.6,1
-5.0,-48.7,2
-0.2,-68.1,3
-19.3,-65.8,2
-23.1,82.2,6
30.0,51.7,3
19.7,-125.2,13
-23.7,-67.7,1
-23.7,-67.6,3
-23.9,-67.8,1
1.3,-69.4,5
-37.3,-61.4,1
33.0,-47.6,1
22.9,44.7,1
23.1,-57.9,1
-8.2,150.4,2
0.8,-54.6,3
0.9,-54.4,5
-8.1,150.3,14
-10.5,-56.4,1
-11.7,-56.6,2
-8.3,150.2,2
-12.0,128.2,4
25.4,-91.3,1
22.1,103.5,1
-0.1,-64.5,1
-41.0,-53.9,1
-7.9,-66.7,1
-41.1,-54.1,3
0.2,25.3,4
-18.2,-68.5,1
-36.6,155.1,112
-33.3,-56.7,11
1.1,-76.4,13
-1.7,10.9,1
-35.1,-63.7,1
-22.9,-65.1,4
39.8,-178.7,2
-33.4,-56.7,1
-15.7,126.5,1
-15.8,126.5,1
-4.8,108.0,1
-0.2,24.6,2
-29.0,152.9,53
-30.5,23.1,3
0.1,-79.2,1
-1.6,25.6,1
-0.3,-69.9,1
0.3,-69.7,1
4.7,-62.1,2
0.3,-69.6,1
23.2,49.9,1
-8.4,-48.6,1
23.1,49.9,1
-8.1,-48.4,6
-8.0,150.1,4
-22.7,-170.8,1
-22.6,-170.8,3
24.4,-92.7,12
-30.0,126.9,1
-13.6,42.0,7
-4.6,28.2,6
-31.8,-51.6,1
-31.4,23.2,1
-35.9,-56.8,1
-24.2,-50.2,2
-24.6,-67.1,5
36.3,-178.9,1
-15.6,-70.8,5
-37.7,-60.0,2
-37.6,-60.1,1
-13.9,121.9,1
-39.8,-57.3,1
-32.6,-55.2,9
-4.7,31.5,1
20.2,-99.9,1
-25.8,-66.6,12
-14.5,-72.4,1
0.2,70.4,21
-15.1,124.7,1
17.9,-126.5,6
-4.9,-67.4,1
-5.0,-67.5,1
-1.4,-77.3,1
34.8,59.3,1
34.7,59.4,5
-1.3,-77.2,1
-1.4,-77.2,1
30.3,-51.4,2
-30.4,23.4,3
41.4,-49.8,3
41.5,-49.8,3
-17.1,125.3,1
-32.4,-54.1,4
-16.4,-60.0,2
-16.5,-60.0,11
-4.6,-59.7,1
39.4,-179.4,1
22.7,44.6,1
-6.6,91.9,3
-20.4,-66.5,1
-17.7,125.7,1
-29.2,21.1,2
-29.2,21.0,2
1.3,-75.5,4
2.0,-69.5,1
2.0,-75.3,1
20.9,-103.1,1
-16.6,126.6,1
-21.1,52.7,3
33.1,-47.6,8
42.3,-50.0,3
42.2,-49.9,2
-34.1,-55.8,14
-34.1,-55.7,27
-34.1,-55.9,10
-3.6,-70.8,11
-14.7,-74.3,1
20.8,100.8,1
-3.4,-50.9,3
-10.4,138.4,2
27.0,-53.1,1
4.1,-9.4,2
-5.5,13.3,14
-9.1,33.9,1
-5.5,13.5,6
-25.4,-53.3,2
1.9,-75.9,1
-12.6,128.8,6
7.0,25.6,5
6.3,25.6,2
-36.3,155.0,3
-33.8,-54.6,1
21.6,101.9,2
20.4,41.6,2
-2.1,115.0,1
-1.8,-69.3,1
-2.0,-69.3,3
-9.8,39.5,1
22.6,43.5,2
22.7,43.5,1
-21.5,-48.1,1
27.0,-150.9,4
27.0,-151.0,2
-23.0,-67.7,1
-10.9,-57.1,3
42.4,35.2,2
42.5,35.3,1
-24.2,17.3,11
2.0,-69.8,6
1.9,-69.7,1
22.9,45.9,3
-11.9,127.9,1
-4.9,108.7,12
-14.0,130.3,1
-14.2,128.7,1
0.1,25.4,4
0.3,25.4,4
20.4,100.3,1
18.8,-126.6,1
-39.5,-57.6,1
25.5,-91.3,6
-24.3,150.4,1
-27.7,-53.1,1
-4.7,-47.8,1
-4.6,-47.7,1
-16.4,-69.7,1
-21.4,-48.0,2
-22.2,-45.0,1
28.0,-54.1,5
21.3,-124.2,8
-4.2,28.5,3
-9.8,-59.5,1
23.6,47.9,1
-28.6,152.8,1
23.5,47.9,1
-28.5,153.0,1
1.7,-4.1,4
-25.2,19.3,4
-14.7,-58.0,1
-25.9,-64.9,4
20.8,41.0,1
21.2,41.1,1
-5.8,111.8,8
20.8,41.1,1
-7.3,149.7,1
19.0,-97.0,1
-27.9,-52.8,1
-9.2,-61.3,1
-0.8,113.3,1
-13.0,130.3,2
25.9,-91.1,6
0.7,-68.2,21
-14.5,123.6,1
2.2,0.8,1
-16.7,-69.5,1
-16.5,-69.5,1
-26.9,-51.8,2
-15.3,125.5,2
-18.9,50.5,1
-34.4,-60.2,3
-22.5,-65.3,2
22.9,44.6,1
30.2,-51.0,7
0.6,-75.5,3
0.3,-79.3,1
0.2,-79.3,2
-35.8,-58.3,1
0.2,-79.4,1
-24.6,-67.2,2
36.4,-167.8,1
26.5,-151.9,4
-15.1,128.7,1
-5.1,-48.5,3
18.8,-99.6,6
-4.0,9.5,1
17.2,-127.1,7
-12.4,128.6,10
-4.0,-70.9,1
-9.4,34.0,2
3.5,25.2,1
-16.1,124.5,1
-30.8,23.0,1
-32.6,-53.0,3
-15.5,125.3,8
5.9,25.2,2
-22.6,-65.3,16
-17.3,125.1,1
26.4,-91.0,1
-32.1,-67.7,1
-3.8,28.2,2
-8.8,-49.4,1
34.3,59.2,1
7.0,25.8,2
20.3,100.3,1
-34.4,-60.6,1
-23.4,-47.7,1
-16.4,124.5,1
-19.0,-67.8,1
-0.7,-77.0,1
-23.6,-51.6,2
-0.1,-68.0,1
-25.3,-66.5,1
-25.2,-66.5,2
27.8,-53.7,2
-3.4,26.6,1
1.7,-3.9,1
19.3,-98.0,1
-14.1,42.3,1
-14.2,42.3,1
20.6,41.4,1
3.3,23.7,1
-12.4,128.5,8
-12.6,128.3,1
1.0,-54.4,2
0.7,-54.6,1
-2.4,-69.6,14
1.0,-52.7,1
1.4,-52.7,1
3.9,-67.5,1
-7.0,151.6,1
-15.7,125.1,7
1.8,7.1,9
-14.8,-73.3,1
-14.8,-73.1,1
2.5,24.4,2
26.4,-90.4,57
17.4,-126.6,6
7.9,-63.5,2
-14.1,42.0,1
3.9,-10.8,1
4.5,-10.1,1
35.0,173.4,1
-23.6,-48.1,3
-8.9,112.1,1
0.3,70.3,2
0.2,70.3,2
-5.7,111.9,1
-22.1,-44.0,10
-2.2,28.9,1
-8.7,139.6,1
-22.4,-44.0,1
22.7,43.6,1
22.6,43.6,5
-5.4,-46.6,2
-5.4,-46.7,1
-5.3,-46.6,1
-3.7,106.9,1
4.9,-61.4,2
-0.4,-74.0,8
-0.1,-76.1,1
-38.9,-60.7,1
-24.4,150.5,1
-4.7,-48.4,1
-5.9,-45.1,1
-37.1,-62.4,2
17.2,-100.0,3
-13.4,129.4,1
21.8,-94.2,13
30.2,-51.4,5
35.3,-178.7,1
39.5,-179.3,1
-38.8,-60.5,2
42.5,-50.0,1
23.0,46.1,3
-31.7,-52.8,1
-31.7,-52.9,1
28.1,-54.1,2
-13.4,34.8,1
-31.9,-52.7,2
-1.4,25.5,5
-12.2,-59.5,3
-18.5,-66.8,9
-7.3,-46.3,1
4.1,-10.0,1
0.3,24.2,1
-6.1,-60.2,1
-6.5,-60.2,2
-6.1,28.8,3
-12.3,128.5,3
17.9,-126.8,3
18.3,-126.6,2
21.9,-124.0,34
21.7,-124.1,2
21.8,-124.1,3
26.9,-151.0,1
17.2,-127.2,3
32.9,-24.2,4
-16.4,125.4,8
2.6,2.2,2
27.1,-151.1,3
40.3,174.3,1
40.1,174.2,1
31.3,-88.8,2
-16.1,157.9,1
3.7,119.8,2
-36.3,-56.6,1
-16.1,125.1,1
-4.5,97.3,2
-11.8,127.9,1
17.1,-127.5,1
-30.3,127.3,1
24.1,-93.1,5
24.1,-93.0,7
0.2,-76.1,2
0.5,-76.0,4
-25.3,19.2,5
-8.3,-48.6,2
-26.6,19.2,2
-37.5,-60.2,4
-22.1,-66.6,3
0.1,25.1,1
-3.3,-62.7,1
20.7,41.0,3
-17.4,-69.4,2
-31.8,-52.7,3
25.9,-91.4,4
-7.2,28.7,1
0.2,98.9,1
-9.2,33.9,3
23.0,46.5,4
23.1,46.8,1
4.7,-62.2,3
2.3,65.6,2
2.2,65.5,1
23.2,45.2,1
-27.9,-53.0,1
-22.1,-66.0,2
-27.8,-53.0,2
34.2,59.2,2
-7.7,150.3,2
-27.1,-52.6,2
-11.2,-57.3,1
30.3,-51.1,3
-5.7,107.2,1
29.7,-51.5,1
29.4,-86.8,1
1.3,-67.8,1
-16.5,125.8,2
-10.8,-57.1,2
-7.5,148.5,1
-12.2,-50.8,1
-12.9,128.6,3
5.0,109.0,1
-2.8,-70.9,1
-4.4,27.8,3
19.5,-100.3,13
-33.7,-55.8,3
-14.4,122.9,1
-25.9,-66.4,1
-25.9,-66.5,3
-30.3,23.6,1
-7.7,148.8,22
23.6,49.2,1
23.7,49.2,1
23.6,49.1,1
23.5,49.3,1
-0.9,98.3,2
0.7,99.5,1
-32.5,-55.3,1
-15.3,125.6,6
0.8,-76.3,8
0.5,-76.3,58
-15.2,125.5,4
-32.6,-52.9,1
-32.3,-54.4,1
-1.5,-48.8,2
-14.8,-57.4,1
42.3,-49.9,2
2.4,118.8,2
-6.3,-39.2,2
-15.0,-73.5,10
1.1,-76.1,2
-37.8,-60.1,1
-39.5,-57.2,3
-16.2,124.4,3
-16.3,124.4,5
-32.4,-54.2,1
-32.5,-54.3,1
4.8,-56.1,1
4.7,-56.1,1
-23.2,-47.7,1
-35.7,-57.8,1
4.7,-56.3,1
-23.2,80.4,1
-22.7,-170.7,5
-6.2,94.4,2
-15.3,46.8,1
13.9,-63.1,1
-13.9,42.2,2
26.1,-90.4,1
-11.8,127.7,1
4.0,23.7,4
-37.2,-60.4,2
-16.7,-156.6,4
-16.7,-156.5,13
-6.5,-61.2,1
-15.9,125.1,2
17.4,-100.0,5
0.8,-73.9,1
-25.9,-66.7,2
-21.6,-48.2,1
1.2,-78.2,1
6.1,25.2,2
-34.4,-60.3,1
26.4,-54.1,1
4.1,-10.3,3
-26.9,-52.0,1
-3.6,28.3,1
-14.3,123.6,1
-16.1,126.1,3
3.3,-9.2,1
3.3,-9.1,1
-14.2,129.2,2
-39.3,-57.6,4
-39.4,-57.7,3
-14.3,129.1,1
6.2,25.4,19
-0.3,129.6,1
0.9,-54.5,4
0.8,-54.5,1
1.5,90.2,4
-8.6,-60.0,1
-2.2,-70.3,16
0.9,132.3,1
-30.5,22.5,1
-33.4,-55.8,14
2.8,25.3,1
-37.4,-60.4,3
32.9,34.1,2
33.1,34.2,1
-33.3,-53.0,1
23.2,45.1,2
-0.2,25.8,2
-23.3,-48.5,1
-1.6,99.9,1
22.8,46.1,3
3.0,24.0,1
-20.9,-175.4,1
-29.9,-109.4,1
25.8,-91.3,21
40.2,174.4,1
-14.7,-73.4,1
33.6,167.0,1
-0.5,-73.9,17
-1.5,-78.5,2
-4.1,28.5,1
32.5,-23.5,2
-3.7,-70.9,3
-2.6,-69.6,1
-16.2,125.2,2
-1.9,-69.8,1
2.4,65.7,5
0.9,130.8,3
1.1,29.3,9
-21.8,-50.1,1
-21.6,-50.0,1
0.2,98.7,1
-19.2,-65.9,1
-19.1,-65.8,4
31.5,-50.0,1
-33.9,-55.9,21
-6.6,110.2,2
5.0,-10.2,1
1.0,-69.3,3
-7.2,115.5,3
-38.8,-60.7,3
22.7,-93.7,2
-14.4,-74.2,1
-13.3,129.4,1
-15.5,125.9,4
-39.1,-60.6,1
-14.5,-61.5,1
-30.4,-141.0,2
-30.5,23.3,1
-30.3,-141.0,1
-12.6,128.9,4
-11.6,-76.6,5
-29.2,20.9,2
-33.5,-54.6,1
-33.4,-54.4,2
-3.5,117.2,1
-9.1,-49.0,1
0.2,25.8,1
-33.0,-56.2,1
-17.1,125.0,1
-12.4,21.7,1
0.2,25.7,2
-13.6,-58.5,1
2.5,1.0,1
33.4,47.7,1
33.1,47.6,1
33.0,47.6,2
-7.6,-46.4,9
33.0,47.7,1
32.9,47.7,4
23.6,49.3,1
-5.1,-48.9,1
3.9,113.2,4
19.0,-98.2,7
-30.6,-64.7,2
-14.6,-57.8,3
7.8,-63.5,2
-5.0,28.9,2
4.1,23.9,2
27.8,-54.0,1
22.6,43.7,4
-8.7,-60.1,2
-29.2,21.2,1
-12.9,128.1,1
-1.7,-78.2,1
-1.6,-78.2,3
-1.4,-78.1,1
-4.5,27.5,1
-33.3,-54.2,1
2.9,0.8,1
-14.1,122.6,8
-30.8,22.9,1
-16.6,-60.0,7
-13.7,129.7,2
19.1,-99.8,17
-6.1,112.7,7
-10.2,39.5,1
-5.8,109.0,4
-25.6,-53.5,1
-5.2,148.3,2
-15.3,-72.3,1
16.7,-97.0,30
-15.1,-72.2,1
-5.2,148.2,1
3.6,96.3,2
-15.0,-72.0,2
22.6,44.7,1
1.3,-13.3,1
-14.5,43.4,2
5.2,24.3,1
40.0,-47.6,2
5.2,24.4,1
3.2,-54.3,1
0.3,97.8,1
40.0,-47.7,1
31.2,-49.9,7
19.7,-125.1,80
23.1,46.5,1
-24.3,-50.3,1
-4.8,108.6,5
10.9,-111.9,4
-0.1,-69.2,1
-16.3,124.3,5
-11.6,126.9,1
-8.3,-48.5,3
-2.0,114.9,1
-2.1,114.9,1
-10.8,169.2,1
26.3,-90.4,22
-33.3,-54.6,3
-14.3,123.1,3
-14.7,123.5,1
-38.5,-60.0,1
-25.3,-49.0,1
-0.8,-68.0,3
23.3,-57.8,4
35.0,59.9,3
-6.6,-60.2,4
34.9,59.5,5
35.0,59.5,1
23.8,-93.5,1
-31.6,-52.0,5
17.1,-126.9,2
-22.9,-65.0,9
22.0,-124.1,1
0.4,-53.0,1
-4.8,108.5,13
-8.9,112.0,3
-6.8,110.7,1
-8.2,150.2,2
-24.6,-67.0,10
17.3,-127.4,18
-11.7,-56.9,1
-8.4,-48.7,4
-13.9,130.1,4
-6.3,-66.4,1
-14.5,123.7,1
-10.8,-56.2,1
-12.3,-57.3,1
-10.7,-56.3,1
-0.1,25.0,4
-12.5,-60.0,1
-14.6,43.4,4
-14.8,42.9,1
-8.2,-59.8,2
-2.2,-70.4,22
-13.8,122.0,19
-20.7,-175.4,1
26.0,-91.0,31
5.5,67.2,1
1.2,-75.2,1
-14.0,-56.7,1
-32.9,-54.9,7
-15.8,125.2,9
-36.3,-59.2,1
-23.8,-48.8,1
-4.8,30.5,2
-4.3,-49.0,1
1.3,-6.3,1
-24.7,18.5,2
2.6,118.7,1
16.8,-96.9,3
1.2,4.8,1
-10.0,39.7,3
-12.8,128.5,1
-16.4,124.6,3
-16.8,124.8,1
-3.0,96.0,1
-16.7,124.7,1
2.0,-3.7,1
22.7,43.7,5
1.7,-13.3,2
2.0,-12.8,1
-37.3,-60.4,4
-13.8,42.1,1
-10.3,-40.8,1
3.8,119.9,4
-24.6,18.4,4
-2.5,75.6,1
-8.7,139.3,4
19.7,-124.9,5
-31.8,-52.3,2
-37.9,-61.2,3
-37.9,-61.4,2
-13.4,42.1,5
-37.9,-61.3,3
20.7,40.9,1
20.6,41.0,3
-0.1,24.7,5
3.7,-9.2,1
1.2,-54.4,1
-39.4,-57.2,4
0.9,-74.0,3
19.9,-124.7,2
-29.6,-68.4,3
23.5,-93.5,1
1.7,-3.7,1
6.9,25.5,13
25.8,-91.0,6
-6.0,95.5,2
-32.3,-54.2,1
-7.5,29.1,5
-11.0,-57.2,1
-22.9,-48.2,1
-23.0,-47.8,4
-21.0,53.4,1
-36.1,-57.9,2
-0.7,-68.2,1
-4.2,148.9,1
-4.3,148.9,1
3.1,3.3,2
39.7,-179.2,1
-1.4,25.7,1
-35.7,153.2,2
-6.4,-37.2,1
-6.3,-37.0,1
0.9,-68.1,3
-1.0,-77.0,2
-23.4,-52.6,1
-3.4,-50.6,1
-3.6,-50.7,1
-12.4,63.7,17
-4.1,-50.7,1
6.1,25.3,5
-6.1,94.4,1
-7.9,150.2,3
-30.3,126.6,2
-16.5,-70.0,1
-13.9,129.7,13
16.7,-96.9,6
-10.8,25.2,1
19.0,-98.7,1
-18.3,-66.0,4
23.1,45.4,15
23.0,45.3,6
-2.0,115.5,1
-6.2,94.8,2
0.0,-75.5,2
-31.6,-51.7,10
0.4,9.3,13
19.8,-125.2,7
21.5,102.2,1
-24.4,-50.6,2
-36.3,-56.2,1
-33.3,-55.9,11
-35.9,-61.1,1
3.6,-9.1,1
2.3,65.7,1
-39.5,-57.3,5
-16.7,-156.3,1
25.0,-92.1,14
-34.2,-64.3,2
-34.4,-64.8,1
-4.9,125.5,3
-0.7,-76.2,1
-25.9,-52.8,3
-16.6,-156.5,1
1.7,0.9,1
-4.8,108.4,25
-37.2,-60.3,1
32.7,47.6,11
-37.0,-62.8,2
22.5,43.6,1
-32.3,-54.1,4
-17.7,165.6,2
-17.7,165.5,2
-30.2,23.5,1
-2.0,27.1,1
1.9,7.0,1
-3.4,-70.7,38
22.1,103.6,2
-7.0,115.1,6
-23.6,-51.9,2
-0.3,-68.8,1
-5.5,13.4,20
-22.0,-44.0,4
0.3,25.3,2
-4.8,107.3,1
-16.2,124.3,4
-26.6,-67.1,1
-5.9,-59.1,1
0.3,-76.4,4
-6.3,-60.3,1
-36.3,154.9,3
-35.3,-63.5,1
-28.7,152.9,1
24.3,-92.6,52
24.2,-92.7,8
-39.2,-58.2,2
-7.4,148.5,1
23.0,46.2,1
-10.0,132.6,2
34.9,60.1,1
-4.7,91.5,1
-42.3,24.1,1
-3.8,28.0,1
-1.9,100.3,1
-3.8,28.1,5
-23.0,-64.9,5
6.5,25.6,1
2.1,1.4,3
-31.2,-52.2,1
-13.8,121.9,7
-13.0,127.1,1
23.7,48.0,1
23.5,48.0,2
23.4,48.0,1
-12.8,128.1,1
-12.2,-58.8,9
-15.9,126.2,4
-8.3,-66.8,1
-1.3,25.8,1
35.3,172.5,1
-21.5,-48.0,3
-39.4,-57.6,5
-15.2,-71.4,5
1.7,-70.3,1
-2.4,-69.4,1
33.4,35.0,2
-14.0,129.4,16
22.0,-124.0,41
-7.9,150.1,51
-24.5,150.3,2
-9.3,30.9,2
-38.0,-61.5,2
-0.7,-48.7,1
-38.1,-61.5,1
17.8,-126.5,7
-26.3,-51.5,2
-14.0,41.2,1
-14.0,41.3,1
-13.2,128.8,3
3.4,23.8,2
2.7,2.3,1
-6.1,95.5,2
17.8,-127.0,1
-33.3,-61.2,1
-7.7,-66.4,3
25.7,-91.3,69
25.9,-91.3,2
-0.7,98.9,1
-0.3,129.8,9
-4.6,97.6,1
-16.5,-60.4,1
-8.6,-48.9,1
-16.5,-60.1,8
-16.5,-60.2,1
-16.6,-60.2,2
-2.0,26.9,1
-2.1,26.7,1
-39.4,-57.4,5
-0.4,24.6,1
2.3,-68.0,2
-6.2,-39.0,1
4.8,-62.2,3
-14.2,-57.9,1
-12.1,-59.4,1
26.9,-53.4,1
-14.5,129.0,1
0.2,25.6,3
-3.6,28.2,1
42.1,-49.9,1
-16.0,125.3,1
-13.5,130.0,3
-1.0,93.4,1
-9.7,-61.3,7
-0.5,-60.5,1
2.0,-12.9,1
-36.4,-59.5,1
1.7,-13.2,1
22.5,43.7,1
19.0,-98.6,2
-26.6,-65.3,1
-4.8,108.2,7
-11.6,-61.2,1
29.9,-51.3,47
0.5,-52.9,1
-5.8,28.9,1
-5.8,109.4,20
-6.0,28.7,1
-4.5,96.7,2
-15.2,125.6,7
-13.8,121.8,1
20.0,-103.6,6
-8.0,150.3,5
-22.6,-170.7,1
2.1,1.3,1
-4.7,28.6,1
0.0,24.4,1
0.2,-67.8,3
-9.7,-61.1,1
-6.1,111.3,1
-14.2,123.8,2
-5.7,111.7,4
-31.6,23.9,1
-12.2,-59.7,3
-12.2,-59.6,5
-22.6,-65.2,10
-8.5,-48.9,3
-35.6,-63.8,1
-34.5,-64.5,1
-34.5,-64.6,1
-14.6,124.6,1
2.0,110.1,1
5.8,25.2,4
-27.4,-52.5,1
-27.0,-52.0,2
-16.2,126.2,2
-11.8,-65.5,4
-31.4,-52.0,1
-11.5,-76.5,1
-25.6,-52.6,1
19.3,-99.9,6
-9.2,133.5,1
1.5,5.0,1
24.8,-92.3,6
-38.8,-60.4,1
-6.4,-61.3,1
41.5,-49.7,1
-10.3,-40.9,3
-10.9,-41.3,1
-11.8,-58.8,1
-0.2,23.9,1
-5.9,95.1,1
-20.5,-66.5,5
1.6,-70.0,2
4.4,-61.4,1
4.8,-61.3,2
4.7,-61.2,1
-0.9,-68.0,1
-8.1,150.2,7
-12.3,63.7,2
-12.4,63.8,1
-15.9,-71.2,1
-4.4,-48.5,1
-0.5,-73.5,4
3.7,119.9,1
-4.0,8.8,2
-33.4,-56.2,1
-5.7,-60.2,3
23.0,46.6,1
-5.8,-60.2,3
39.9,-178.6,2
28.3,-54.0,1
-2.3,-70.4,39
23.5,49.4,2
1.6,90.2,1
-4.1,-77.1,1
-12.3,-59.8,1
35.0,59.6,1
-4.3,96.7,11
-4.1,96.8,1
-18.8,50.7,1
-5.7,107.3,1
0.8,-76.6,1
-35.2,-170.5,1
-1.9,-57.8,1
-5.2,-59.9,1
-9.9,132.8,1
-10.0,132.8,1
-34.5,-60.2,4
-34.6,-60.4,1
-20.7,-175.1,1
-14.7,-72.2,2
-16.5,125.6,3
1.0,-69.9,7
31.2,-50.0,7
31.5,-50.1,1
-25.2,23.7,1
-31.5,-51.8,2
-31.5,-51.9,3
6.4,66.7,1
-8.8,139.3,1
-23.8,-50.3,4
-15.6,125.5,26
-2.4,-69.7,35
-4.6,28.1,3
-36.2,-57.8,1
-7.7,-48.1,1
-5.1,29.0,3
2.2,1.7,1
2.1,1.8,1
2.3,1.5,1
-15.5,-71.0,1
-10.9,-57.2,2
27.7,-54.3,2
0.3,25.2,1
-13.9,42.0,3
4.6,-57.3,2
-15.5,125.8,2
-36.9,155.3,1
23.8,-93.4,2
-22.5,-49.1,2
-0.6,133.9,1
17.0,-100.0,1
22.9,48.7,1
-23.8,-67.3,1
34.3,59.3,3
-31.5,-69.0,1
19.5,-125.0,17
-16.7,-70.0,1
-4.0,-77.1,2
-26.8,-51.4,3
6.2,25.5,1
34.5,59.2,2
2.0,110.3,1
32.6,-48.6,1
-15.7,123.3,1
-36.5,-59.4,3
-7.5,-46.0,1
-32.3,-53.3,2
-24.3,-50.7,3
-11.4,-60.6,5
-11.3,-60.7,1
-9.7,-61.4,3
-9.3,-61.2,1
-16.2,125.3,3
20.7,100.9,1
-33.3,-55.0,1
-36.0,-56.8,2
-39.1,-58.4,1
22.6,43.8,1
22.5,43.8,1
-0.8,-68.2,1
-18.5,126.5,1
-18.1,-55.4,2
-18.0,-55.3,1
-20.4,50.7,1
13.7,-128.5,1
-5.7,111.8,1
1.0,9.3,3
-37.6,-62.3,1
-14.0,129.3,15
18.8,-99.5,3
-5.3,-78.1,2
-5.2,-78.1,2
-24.7,-67.2,3
-28.3,-53.2,1
5.3,109.1,2
5.3,109.3,1
-2.1,-69.3,2
-36.4,154.8,1
4.8,109.2,1
0.2,-67.9,6
0.3,-67.7,2
2.1,-68.0,19
19.5,-100.4,24
-4.9,-60.1,1
3.8,-54.5,1
-8.2,-47.7,2
-34.0,-55.8,25
-0.9,93.3,13
2.6,-12.8,1
27.2,-150.9,3
27.5,-150.6,1
-12.4,-58.8,8
39.9,-178.5,2
-26.8,-49.0,1
26.6,-90.5,1
-26.8,-48.7,2
19.9,-124.8,43
19.8,-124.8,2
-4.9,108.6,5
0.0,-68.0,2
-12.2,127.2,1
-13.0,128.5,3
-4.2,149.0,4
-18.1,-66.0,2
-4.9,124.4,1
-26.7,19.0,2
35.5,167.6,1
-19.0,50.7,1
-2.3,-70.3,16
24.2,-92.6,35
24.5,-92.6,2
-6.2,-60.2,1
-15.1,-62.2,1
-0.6,-73.5,3
-5.7,-59.8,5
-5.1,31.4,1
-8.2,-48.5,9
6.0,25.3,2
-6.1,94.5,4
-8.6,83.9,1
20.9,-102.8,2
-13.2,129.7,19
-19.2,-67.6,1
0.1,-75.9,5
19.2,-100.0,13
-20.4,-66.3,1
-20.7,-66.5,1
26.1,-90.9,19
-23.5,-48.2,1
-21.9,-43.8,3
-12.7,127.7,1
3.9,113.1,3
-10.8,-56.0,2
-14.0,41.7,1
-33.2,-55.0,1
-7.3,29.0,1
22.9,46.4,2
-5.8,95.8,1
-5.8,95.9,1
2.4,-74.9,1
26.1,-90.7,6
-16.3,-70.9,3
-8.0,-48.4,14
-14.4,123.6,1
-14.4,123.7,2
0.7,-69.9,4
-14.3,123.7,3
-14.4,123.8,1
-4.6,27.9,2
-0.5,-74.0,30
1.3,-76.5,3
-1.6,25.4,1
-13.6,129.4,1
-38.9,-59.2,2
-13.5,129.5,1
-0.5,-73.6,1
-5.2,27.3,2
22.7,48.6,1
-7.7,148.9,7
-7.6,148.8,2
3.2,66.8,1
-6.3,-39.1,2
-6.3,-39.0,3
1.1,-67.6,1
-23.0,-48.1,1
2.2,-12.7,1
-12.7,-55.9,2
-11.0,25.7,1
-12.0,-59.7,1
-16.9,-69.4,2
22.7,46.1,2
-4.8,-48.7,1
-27.0,-52.8,2
7.5,-62.8,1
-13.5,42.1,7
-21.8,-48.1,1
0.0,25.3,1
6.9,25.7,3
4.4,-60.9,1
-39.5,-57.4,2
-1.7,100.3,2
-5.9,95.3,3
-8.0,-66.6,1
0.3,24.1,1
-31.7,-52.1,1
-6.1,-39.2,1
-26.9,-48.9,2
19.2,-126.0,1
19.2,-125.9,1
19.3,-125.9,2
19.1,-126.0,1
32.1,-48.8,4
31.1,-50.0,3
21.9,-94.2,5
21.7,-94.3,2
-4.8,108.7,3
2.0,1.3,6
-29.9,23.2,1
-9.4,-59.5,1
2.0,-67.9,6
0.4,-68.0,5
-5.2,29.0,1
-5.1,29.1,1
19.2,-99.9,22
-12.2,-56.2,1
23.6,-93.4,4
23.6,-93.3,18
-7.2,147.5,1
30.2,-26.6,1
-21.4,-65.9,2
-5.0,-60.1,2
1.1,-76.2,2
-11.1,-57.6,2
-11.0,-57.4,6
-10.9,-57.3,2
30.2,-50.9,9
17.3,-126.6,3
16.9,-96.9,1
16.6,-97.0,1
22.8,46.7,1
22.8,46.6,1
-17.9,-55.4,3
-26.0,-65.2,1
-14.2,-62.0,1
-4.4,-59.7,3
7.9,-63.4,1
-0.6,94.4,2
-4.2,-59.7,1
1.6,-69.5,20
-2.7,-69.7,1
32.7,34.4,1
-13.0,127.4,1
-24.2,-50.7,9
-4.3,-66.4,10
-30.5,23.6,1
-4.7,-59.9,1
4.0,-9.9,4
4.1,-9.8,1
23.6,48.0,1
3.9,-9.9,1
4.0,-9.8,1
-15.3,125.7,4
-32.7,-55.2,2
-22.9,-51.4,1
-36.3,-56.3,1
-5.2,78.5,1
-5.2,78.4,1
-33.7,-54.5,1
-2.3,91.9,1
1.2,4.9,1
0.9,-69.9,9
-8.6,138.4,2
21.5,102.0,1
1.4,-75.6,2
-39.0,-58.3,1
-10.7,127.4,1
-18.4,161.1,6
20.7,-101.0,5
-31.0,23.0,1
-2.9,-50.9,1
-24.3,17.3,4
19.1,-98.1,5
19.2,-98.1,4
-13.8,122.1,42
0.8,-69.3,26
2.5,1.5,1
-12.7,129.2,1
5.0,114.6,1
-23.0,82.2,10
-21.7,-44.4,1
0.9,-70.1,2
24.0,-56.5,1
24.2,-56.4,3
-14.8,-73.4,1
-14.8,-73.2,1
-15.1,-73.4,4
24.3,-56.5,1
-8.8,151.6,7
-8.8,151.7,1
40.0,-47.5,1
-19.3,-65.4,6
-2.3,-69.6,4
2.0,88.3,1
-21.6,-48.1,1
31.3,-49.9,22
5.0,108.9,6
-36.5,155.2,15
-0.2,-76.0,1
18.8,-97.5,2
-2.0,-69.4,3
-2.1,-69.4,1
-22.5,-49.0,1
39.8,-178.6,1
-34.5,-64.1,1
-39.4,-57.3,2
-8.5,-48.7,4
-4.8,108.3,13
-22.4,-43.3,8
-27.6,-52.9,2
-10.1,-75.5,3
-0.2,8.8,5
-22.1,-66.7,2
-22.2,-66.6,3
-31.0,-52.0,1
35.0,59.7,4
-36.4,-60.0,1
-36.2,-60.0,1
34.7,59.5,1
-8.4,-48.4,2
-35.9,-57.8,2
-35.8,-57.8,1
-19.1,-65.7,2
28.0,-54.0,2
7.1,25.6,2
-9.9,132.7,1
-10.0,132.7,3
-6.6,110.1,2
-38.3,-60.7,1
33.7,-23.5,1
-13.1,129.7,9
-6.7,-60.0,3
-6.5,-60.0,5
-5.3,96.5,2
-25.4,-48.9,2
-26.9,-51.5,1
11.8,-135.8,2
11.8,-135.7,1
14.8,-128.0,2
-14.2,-61.9,1
-0.7,-60.7,1
27.1,-52.9,4
27.0,-52.8,3
27.1,-52.8,8
-2.4,-70.5,1
-2.4,-70.4,2
-16.2,-71.1,3
-36.4,-63.1,1
-16.2,-71.0,2
-11.9,-57.2,1
-8.7,83.8,3
-21.2,-48.0,1
-21.1,-47.9,1
-23.7,-52.0,1
-11.9,128.1,3
-33.2,-56.0,5
1.6,-75.5,2
-13.2,128.7,1
32.0,-48.7,1
-2.4,-73.4,1
-31.1,23.4,1
-36.7,155.2,4
-4.9,30.5,1
-4.7,30.8,1
-27.1,-52.4,2
1.7,-75.3,6
-10.4,169.0,3
19.6,-124.9,5
-41.0,-53.2,2
-41.0,-53.3,1
-10.5,169.0,1
-31.0,-51.9,1
22.5,-93.7,1
35.2,172.6,1
-15.7,125.0,1
-11.3,25.4,1
-11.2,-57.5,1
-11.2,-57.6,1
-4.9,27.3,1
5.2,109.2,1
-18.1,-55.3,2
-20.8,51.1,1
32.0,-48.4,1
0.3,-70.4,1
0.6,-76.4,48
-28.2,-106.8,3
-23.8,-67.2,3
30.9,-50.4,1
31.4,-49.9,11
0.0,8.8,2
3.8,23.8,1
-33.7,-55.6,6
-18.5,49.7,1
-13.7,129.8,4
-8.1,149.2,1
41.5,-49.6,1
-6.0,110.5,6
-6.1,110.6,2
-15.4,126.0,3
23.1,47.7,3
33.0,47.8,9
-23.4,-48.0,1
33.1,47.7,1
-36.0,-63.3,1
5.9,66.7,11
-8.1,-47.4,1
4.7,-57.2,1
23.1,46.7,3
-15.2,125.4,1
0.7,-75.4,5
-35.7,153.0,2
5.7,-63.4,1
5.6,-63.4,3
23.3,49.1,2
-29.3,-67.8,2
33.3,-23.6,1
-26.8,-52.9,1
4.5,-57.1,5
-23.0,-48.6,4
-8.8,-83.4,1
20.0,-124.8,17
-2.6,25.9,4
23.5,48.1,2
18.0,-126.5,9
-6.3,28.8,1
-5.0,-60.0,15
-4.6,28.5,4
-0.1,-68.1,3
26.6,-90.9,1
-27.2,-52.5,1
0.4,-67.8,15
0.4,-67.9,2
-23.5,-52.3,1
-23.5,-52.5,2
-23.5,-52.4,1
19.3,-125.2,9
19.2,-125.3,2
2.2,-68.0,4
-14.0,129.6,8
24.9,-92.2,13
30.1,-51.4,4
29.8,-51.4,11
30.0,-51.3,13
-0.2,24.1,1
3.3,-54.4,8
3.4,-54.4,10
26.2,-90.7,10
-6.2,-37.0,1
21.7,-94.2,4
4.1,-10.4,2
1.0,-54.5,4
-7.6,-66.7,2
-5.9,109.1,15
-33.0,-54.8,15
-32.9,-54.8,9
29.0,51.6,2
25.6,-91.3,20
-5.5,91.5,1
-5.4,13.3,4
-6.7,-60.1,1
-6.6,-60.0,10
32.6,34.6,2
32.6,34.7,1
38.7,-179.8,2
-35.7,152.9,2
-18.2,-65.9,2
30.5,-50.8,7
38.6,-179.5,1
-25.3,23.8,1
1.2,-67.8,2
-23.1,-53.9,1
-16.5,124.6,5
23.3,-57.7,8
23.2,-57.7,2
23.0,-58.4,1
-16.6,124.6,1
-34.1,-55.0,2
-34.0,-55.0,1
-38.7,-60.4,1
-15.2,-74.0,3
-16.0,126.4,4
-14.0,169.8,1
-21.3,-47.8,3
17.4,-126.1,1
-5.7,78.7,1
-6.5,28.5,1
-2.6,26.0,2
0.8,-70.0,4
-12.4,63.6,9
-35.9,-61.0,1
-3.8,-51.1,1
-15.5,-70.9,3
-7.6,-66.4,1
-26.9,-51.3,1
-25.8,-66.7,1
20.4,-124.7,1
-16.3,126.2,1
-5.9,95.9,1
-5.1,-60.0,5
-17.4,-69.5,2
-5.9,112.4,1
-30.5,23.0,1
3.7,-67.6,1
-13.0,129.1,1
-7.2,147.4,5
-13.2,129.8,29
-13.7,63.0,1
4.5,-10.3,1
-11.7,-56.8,7
-34.6,-64.0,1
-6.9,148.3,3
-28.6,-54.1,2
-28.6,-54.0,2
-14.0,122.5,1
-26.9,-51.9,2
-33.2,-54.8,5
26.4,-151.8,2
26.5,-151.8,3
-11.1,-57.4,1
-11.0,-57.5,1
25.0,-92.0,21
25.1,-92.0,28
2.6,24.1,6
21.9,-124.1,1
21.7,-124.2,1
-6.7,-39.5,1
24.3,-56.3,2
24.1,-56.3,1
-4.1,-52.3,1
-4.2,-52.5,1
-4.6,108.1,1
-8.8,133.6,1
-0.9,-77.0,1
-1.0,-77.1,8
7.0,25.4,2
-9.1,133.6,1
17.8,-125.9,1
-2.9,-76.9,1
30.5,-51.0,3
-15.1,-73.5,2
0.6,-13.5,1
-0.1,70.4,6
-23.0,-48.3,1
-32.0,-52.7,2
-4.2,96.8,2
31.7,-23.8,1
32.3,-24.0,4
26.4,-90.3,50
26.6,-90.3,1
26.3,-90.3,14
26.2,-90.3,3
1.7,1.0,6
23.4,45.3,1
38.6,-179.8,1
24.4,-92.5,13
-5.8,-59.8,6
-8.6,-61.8,1
4.9,-62.2,1
-29.1,20.8,2
21.5,102.1,2
-5.0,-60.2,16
-4.9,-60.2,2
-32.3,-54.0,8
-21.0,-49.9,1
-21.0,-50.0,1
-5.1,10.7,1
42.6,35.0,1
-21.9,-49.3,2
42.5,35.0,1
1.9,-75.3,1
-2.5,92.8,1
0.8,130.8,2
5.6,66.9,2
-26.4,-48.5,1
-3.5,28.2,1
16.8,-97.0,7
-2.2,92.1,1
-2.2,92.2,2
-6.0,110.6,4
19.6,-125.0,96
-11.8,128.1,1
-3.5,124.8,1
0.8,9.3,1
-16.2,126.3,3
-1.8,25.5,4
-1.8,25.6,3
-1.7,25.6,2
0.5,-53.0,2
-3.1,26.5,1
-33.4,-54.6,2
-30.8,-68.0,2
-30.8,-67.9,1
-11.6,-56.6,1
-19.2,-67.7,1
-14.1,41.8,1
-11.5,-59.8,1
-14.1,129.3,13
-1.4,25.6,2
25.8,-91.2,18
-8.7,-62.2,1
25.7,-91.2,15
-8.4,-62.5,1
-7.1,-47.2,1
15.9,-127.8,1
6.2,25.2,7
-24.3,-50.9,1
-24.3,-51.0,1
-7.7,-61.2,1
0.7,-69.5,1
31.4,-49.8,10
-1.4,-48.9,8
-18.4,160.9,24
-0.7,94.4,1
19.9,-125.0,5
-17.0,125.4,1
5.6,67.0,8
3.6,-54.3,1
3.6,-54.4,6
3.8,-54.4,1
3.9,-54.4,1
23.0,45.4,10
-7.6,-46.3,5
3.9,120.1,1
-22.5,-65.2,7
3.7,-59.3,1
-24.0,17.2,4
-30.4,23.5,2
-14.8,-72.1,2
-7.9,-45.3,1
-6.2,94.3,1
-35.9,-58.5,1
24.1,-92.5,1
-35.8,-58.5,1
30.7,-49.9,1
-7.1,147.4,2
-14.2,130.1,1
-35.5,-63.6,1
-3.1,-59.4,1
-4.1,-66.3,2
17.1,-126.3,1
-4.8,30.4,3
-7.5,29.0,1
-18.2,-154.9,1
-18.2,-154.8,3
-18.3,-154.8,1
-0.9,93.2,2
-1.1,93.4,2
27.0,-89.3,1
26.8,-89.4,1
26.7,-89.4,2
-2.3,-69.7,15
1.5,-67.9,1
3.8,-10.4,2
-3.5,-60.6,2
-26.7,18.9,2
-26.7,18.8,1
-8.8,111.7,6
-5.3,-47.4,2
-0.1,23.9,1
2.0,-68.2,2
6.3,153.0,5
6.3,152.8,6
-22.9,-48.5,5
-5.9,109.6,1
-5.8,109.6,4
3.7,-9.7,1
-23.2,-48.0,2
17.1,-100.0,1
-11.8,-56.8,13
-24.7,-66.9,8
17.5,-126.6,6
4.0,-11.0,1
3.9,-11.1,1
-22.9,-48.7,3
1.7,-13.4,1
32.9,34.9,1
4.9,-61.5,4
4.7,-61.6,1
4.8,-61.6,2
-22.9,-47.4,1
-22.9,-47.8,3
-37.0,-62.5,1
23.7,-56.7,16
33.4,35.3,1
-2.0,-70.3,1
-23.6,-51.7,4
1.8,-69.6,3
-4.7,-66.0,10
-2.2,25.6,1
23.1,46.9,1
23.0,46.9,3
22.9,46.8,2
3.9,119.9,2
38.7,-179.7,5
23.1,44.9,2
4.6,25.5,1
27.5,-54.1,1
-22.7,-46.0,1
-14.1,-56.6,3
-0.4,-69.2,2
-2.1,92.3,3
-2.1,92.4,1
-14.8,128.7,2
-5.9,95.4,1
-26.6,-67.0,2
-0.2,-74.1,1
-7.9,-47.8,1
0.5,-67.8,2
-15.9,125.3,4
-1.5,-78.3,3
-15.8,126.1,2
4.4,-57.2,7
1.9,-69.9,15
0.7,-70.0,6
-14.5,-74.5,2
1.4,121.8,1
1.4,121.7,1
1.3,121.6,3
4.0,24.3,1
-29.1,21.0,2
-6.4,-59.9,1
-6.6,-60.1,11
7.1,25.9,3
-10.7,26.3,1
0.4,-76.3,2
7.1,25.8,2
-18.2,161.3,4
-8.4,-61.8,1
1.3,-76.3,8
-39.1,-59.0,2
41.8,-49.6,1
-24.7,-67.5,3
41.7,-49.8,1
-32.4,-53.1,1
-35.8,152.7,4
-6.1,29.7,3
-6.1,112.8,1
5.7,-63.3,2
20.5,40.9,1
-4.9,108.8,8
-38.7,-60.3,1
2.7,-7.7,1
0.3,-53.4,1
-26.7,19.1,5
-13.5,129.7,4
1.9,1.2,1
-27.0,-52.9,3
-5.9,-59.8,1
-13.7,122.0,10
-2.6,27.8,1
-5.0,124.3,4
-2.9,96.0,1
-0.5,-68.2,4
0.8,-68.3,1
1.2,-68.2,1
0.3,-67.9,31
-11.1,25.8,1
-12.1,-59.7,1
-31.9,-52.6,3
-4.7,28.1,1
2.7,2.2,3
-2.5,26.5,1
-33.6,-55.8,3
-16.5,125.9,2
-18.4,161.0,37
-21.8,-43.9,1
-21.9,-43.9,1
-13.7,42.0,1
-0.5,-73.7,2
-0.1,-67.9,2
2.8,25.1,1
-16.4,125.5,5
-25.8,-64.7,8
-4.7,-66.1,2
-4.8,-66.1,1
-17.5,31.1,1
-5.2,97.5,1
0.3,10.6,6
24.0,-93.1,5
-9.9,165.7,1
27.8,-150.4,1
-4.4,-77.2,2
-11.3,-76.6,1
-22.4,-49.1,10
35.3,172.7,2
19.2,-98.3,1
-23.4,-51.0,2
27.7,-53.6,1
1.6,-74.4,1
19.8,-125.1,4
-8.9,151.6,4
-24.0,17.5,1
-9.0,133.5,2
-9.1,133.5,2
5.2,-66.0,1
5.3,-66.0,1
5.2,-66.1,1
-2.8,25.2,1
-26.3,-51.7,2
-27.0,-48.9,1
31.3,-49.8,32
25.7,-90.8,1
40.3,174.6,2
0.0,71.2,1
21.5,-124.2,1
23.5,-57.8,1
22.9,-57.8,1
0.9,-76.3,3
0.2,-76.4,2
1.0,29.2,2
1.1,29.1,6
4.5,-56.1,1
-22.1,-48.4,3
-3.6,-70.9,3
-39.6,-57.2,1
23.4,49.4,1
23.5,49.5,1
3.3,-54.7,1
17.4,-127.4,1
-27.6,-52.6,1
32.2,-48.8,1
-32.0,-52.6,1
-32.0,-52.9,1
-5.5,110.9,2
18.9,-99.9,2
-1.0,98.3,3
-18.7,-56.0,1
-2.2,-72.4,1
-0.1,-69.3,1
-0.3,129.9,1
-31.5,-64.9,1
-5.4,96.7,4
-1.0,-67.9,13
-1.2,-67.9,1
24.1,-92.6,3
20.5,41.0,3
23.0,47.7,2
-23.2,-48.6,2
-30.5,23.8,1
-4.3,-66.3,6
-14.6,123.4,2
-6.5,91.9,4
-25.8,-66.5,1
-5.0,108.4,1
-1.1,-77.1,1
-11.5,-56.6,1
-3.6,96.4,4
-31.7,-64.8,1
4.8,110.2,1
-25.7,-64.7,2
-25.9,-64.7,1
-36.4,-59.8,1
-4.7,27.7,1
3.8,119.8,11
31.2,-49.8,5
2.6,25.0,1
-27.0,28.3,2
-22.3,-43.3,5
-22.5,-43.5,1
-23.0,-48.5,1
-2.6,76.0,1
-5.4,96.8,4
-34.0,-60.1,1
-0.4,-68.9,2
1.4,-69.6,4
26.0,-90.9,17
-21.2,52.9,1
-11.7,-65.5,2
-5.0,149.1,2
-2.9,25.8,1
-6.4,28.8,1
1.8,-69.7,1
4.9,-61.6,3
-39.5,-57.9,1
-6.2,94.1,3
-13.6,62.9,1
-34.4,-64.5,1
-1.3,25.6,1
-26.9,-51.2,1
-24.3,17.2,2
2.8,-69.4,1
1.1,-76.6,1
1.8,-69.9,1
-5.6,91.5,1
-5.5,91.6,1
-12.3,128.9,1
-18.2,161.4,1
-0.3,-76.6,1
1.9,0.9,9
-8.0,-48.0,3
-29.1,-67.8,1
-29.2,-67.9,2
1.0,-68.2,1
0.9,-68.2,5
-11.1,-57.5,1
-36.1,154.6,12
-4.2,-66.3,7
23.1,45.0,1
-5.7,-60.3,2
-23.0,-65.0,1
-0.3,9.1,1
-5.7,-59.7,1
-3.8,28.3,1
-39.1,-58.1,5
-11.6,-56.8,4
-0.6,-74.0,20
0.8,-69.2,27
0.6,-69.4,1
2.7,23.9,3
-38.8,-59.2,1
0.5,9.4,2
-33.6,-54.4,3
-33.7,-54.2,1
-4.6,108.0,1
-15.3,125.9,2
-12.9,-58.8,1
1.8,1.2,3
-4.8,27.3,1
-4.8,27.4,1
-38.8,-60.0,1
35.0,173.6,1
35.0,173.7,1
35.2,173.6,1
-14.1,129.2,2
-15.4,125.5,5
-33.9,-61.0,1
2.0,-74.6,2
-4.1,9.1,1
-0.2,24.0,1
-8.0,150.2,3
32.9,34.3,1
33.0,34.4,1
22.8,46.8,3
-33.0,-54.7,8
-33.1,-54.7,13
-8.5,-49.0,1
-33.9,-55.8,10
-1.0,98.2,2
20.5,41.1,2
-8.7,139.4,1
-22.9,-47.7,2
-31.2,-53.2,1
-20.4,50.8,1
-9.8,39.8,2
-4.4,27.4,1
-23.3,-51.5,5
-4.9,124.3,2
17.0,-127.5,1
-5.0,124.4,3
-12.2,-58.5,1
26.5,-90.3,5
-9.4,-61.4,16
-9.2,-61.4,1
-13.5,129.4,1
-1.5,-73.2,1
17.3,-126.9,6
-5.3,78.5,1
-5.3,78.4,1
-8.2,-61.6,1
5.0,108.8,1
42.5,-49.7,1
-14.0,122.6,10
-14.0,122.7,3
23.5,48.2,1
-13.9,122.6,10
-14.4,129.3,2
38.6,-179.7,3
-34.5,-60.1,5
-14.7,43.0,1
2.6,2.1,1
7.3,25.7,1
-27.0,-52.7,1
-12.9,128.3,3
-12.4,162.4,1
-6.2,94.0,1
0.2,-68.0,1
4.5,110.2,1
-15.9,126.4,1
-2.5,-69.6,1
-14.0,129.5,4
-7.1,115.7,15
-18.1,162.3,24
25.2,-92.0,10
21.4,-124.2,3
-38.4,-60.6,1
-36.2,-56.4,4
19.1,-98.4,1
-14.7,-73.8,1
4.7,109.9,1
-9.6,-61.2,1
-36.5,-59.2,2
-20.4,50.9,3
-23.4,-65.2,1
0.6,-68.0,1
-3.6,96.5,11
-3.7,96.5,2
-39.1,-58.2,2
-4.2,28.6,1
-22.7,-43.8,1
-2.6,-70.6,6
26.4,-90.0,2
26.3,-90.1,2
26.4,-90.1,18
1.5,-69.5,12
-1.0,93.2,3
1.7,-69.5,4
-14.6,123.5,1
-11.8,-56.9,7
4.6,-67.5,1
-13.5,42.2,6
-14.5,123.5,3
-16.7,124.8,1
-35.8,-56.7,1
24.2,-92.5,35
-24.8,-67.0,1
-24.7,-66.8,2
-24.1,-50.7,1
-14.3,123.2,4
28.1,-53.1,5
13.1,-136.9,9
-8.1,150.4,8
-11.9,-57.1,3
-26.7,-49.0,1
-23.1,-47.8,3
-3.1,-69.7,1
-2.4,-69.8,12
-9.4,-49.3,1
-8.4,-47.7,1
-16.4,-60.2,2
-32.2,-53.3,3
-5.4,27.5,2
-24.2,150.5,2
-13.7,129.2,2
-13.8,129.2,1
-23.4,-51.5,4
-23.3,-51.4,7
7.2,23.7,1
-23.0,-53.9,1
-35.9,-58.4,1
4.0,-10.5,2
27.4,-53.5,1
-14.3,129.7,1
-23.8,17.5,1
-5.9,-60.4,1
-10.6,25.2,1
-6.6,-60.8,1
-10.1,39.8,1
-36.0,154.6,6
5.7,66.8,1
2.5,118.8,2
24.1,-92.9,29
-15.0,125.4,1
-8.0,-48.5,4
-5.1,96.5,1
-24.7,-67.1,1
-24.9,-67.4,1
-38.5,-60.3,1
-5.8,-60.3,3
-30.3,127.1,1
-32.6,-55.1,2
-4.8,28.7,1
20.8,-124.4,5
3.6,24.0,1
-13.3,129.8,31
-22.6,-49.0,2
-26.1,-65.3,1
-13.0,127.5,1
-32.3,-53.2,4
7.0,25.7,1
-18.3,161.3,6
-34.5,-64.4,3
17.5,-100.0,1
3.4,23.9,5
23.5,48.3,1
14.9,-128.0,1
41.8,-49.8,1
-4.1,8.9,2
-24.1,-50.1,3
32.1,-48.3,2
41.8,-49.7,1
41.7,-49.7,1
32.2,-48.1,1
-15.8,125.7,2
5.7,67.1,5
5.7,67.2,2
1.9,1.3,1
-19.4,51.7,1
-5.6,-46.7,1
-6.3,95.0,1
25.9,-91.0,6
29.1,51.8,1
-2.3,-70.5,1
-1.8,-70.3,1
-4.6,-65.9,1
-4.0,-60.4,2
-38.7,-59.9,1
-4.5,29.4,1
-3.6,96.3,1
24.4,-92.6,3
-22.7,-65.2,7
-14.3,-71.9,1
-17.8,-55.4,1
2.5,24.3,7
-6.6,148.3,1
38.3,-179.6,1
-1.1,66.5,1
-15.8,124.9,4
-38.7,-59.6,2
-19.1,50.8,1
25.5,-91.5,8
-31.9,-53.6,1
1.6,-4.2,1
1.6,-4.3,1
-24.9,-67.2,5
-24.8,-67.2,2
-22.7,-48.7,2
-4.9,108.0,1
1.3,-5.0,1
24.0,-92.5,2
-37.7,-59.8,1
-32.2,24.3,1
-6.2,29.8,1
1.6,-4.0,3
-23.3,-67.2,1
-23.2,-67.2,1
0.0,-67.9,1
-7.5,-46.3,1
-31.8,-52.6,1
-12.0,-60.0,3
-3.3,-60.6,1
-3.5,-60.7,3
-26.8,-52.5,1
2.6,25.1,1
-20.6,-64.8,1
-0.2,-76.1,2
-8.6,-61.7,2
7.1,148.4,1
-8.9,-59.9,1
-3.5,-70.8,70
2.1,-68.1,14
-7.2,-66.4,1
27.7,-54.0,1
-18.4,49.7,1
-5.6,111.0,4
-25.4,-53.4,1
-12.2,-58.7,1
-23.2,82.1,3
-6.7,28.5,1
-6.6,28.4,2
-23.9,17.5,2
-5.4,13.4,3
-12.0,-57.3,2
4.6,-57.1,2
-9.4,-61.3,1
-14.4,129.6,1
-18.3,-154.9,1
5.1,108.9,2
-35.2,-170.4,2
-26.7,-51.4,1
32.5,46.4,2
32.6,46.4,1
-7.7,79.7,1
1.8,-69.5,4
26.3,-152.4,1
22.8,46.9,1
0.6,-68.2,1
0.6,-68.1,1
23.1,45.5,11
-22.9,-48.4,1
2.9,2.1,1
1.0,29.1,4
-12.5,-58.8,7
0.4,25.5,2
-5.1,97.4,1
-31.7,-51.8,2
-31.6,-51.6,4
-8.3,-48.7,2
3.0,23.9,1
-3.9,27.9,1
-16.3,125.5,2
32.7,47.7,4
2.0,1.5,2
-13.9,42.3,2
2.2,1.3,1
-1.9,-69.7,1
-6.7,-63.3,1
-6.8,-63.3,1
-15.9,126.6,1
-1.4,-78.2,1
-1.6,-78.3,1
-24.2,-50.6,7
-1.5,-78.4,1
19.8,-102.9,1
-26.1,-66.9,1
-18.2,162.3,1
-5.7,107.0,1
4.7,-61.7,1
4.8,-61.7,1
-2.3,27.0,1
-23.2,-51.3,1
3.2,-74.6,1
-19.1,-65.6,17
-19.0,-65.6,3
1.3,-75.6,8
21.0,-124.1,7
21.0,-124.0,12
-5.7,13.1,1
-4.5,28.0,1
-24.7,-67.0,4
-2.7,27.8,2
39.5,-178.5,3
-0.7,93.7,1
-1.0,93.3,6
-0.8,-69.2,1
-3.8,96.5,1
20.3,-102.0,1
-4.4,-59.9,2
-4.5,-59.9,8
-16.6,-59.9,1
24.8,-91.9,2
35.8,168.9,1
-7.0,114.8,1
-2.4,-69.9,5
21.8,-123.7,1
-30.3,23.5,1
-28.6,-67.9,2
-7.5,-46.4,3
-28.4,-67.8,1
-7.7,-46.4,2
-6.1,94.8,1
-6.1,94.7,3
-18.8,-65.8,1
-18.8,-65.9,1
-18.7,-65.9,1
2.8,24.2,1
-2.0,-69.5,2
-2.0,-69.6,1
17.3,-126.2,1
-31.4,-51.8,4
-0.5,-73.8,5
-5.9,92.0,1
-5.7,92.1,6
-5.7,92.2,2
-18.3,-67.3,5
-5.6,92.3,1
-12.2,-58.9,15
-4.5,28.4,1
-33.4,-54.7,2
24.3,-92.5,15
-1.0,135.2,1
-7.2,37.4,2
-18.3,161.4,5
-32.6,-54.1,1
-14.8,-72.0,1
6.0,66.8,2
5.7,66.7,1
0.7,-67.9,3
0.7,-68.0,2
23.3,48.2,1
17.4,-126.7,9
-25.9,-52.7,4
3.9,-9.5,1
4.2,-9.3,1
4.6,67.7,1
4.7,68.0,1
-8.8,111.8,27
-22.1,-43.0,1
-2.4,-70.6,2
-37.4,-60.3,2
1.2,-75.6,1
2.2,-68.1,4
-4.1,-60.5,2
-36.2,-56.5,2
4.0,26.0,1
-33.5,-55.8,6
1.9,-68.1,2
-15.3,-71.5,1
-15.4,-71.7,1
-20.3,51.3,1
-18.6,-66.9,1
12.9,-136.8,1
-18.3,-66.7,1
12.4,-136.9,1
-23.2,-65.4,1
0.7,98.3,1
23.7,-93.3,85
-7.1,147.5,1
-12.3,63.6,1
-15.8,126.0,4
-10.1,-59.6,1
-10.1,-59.5,1
20.0,-102.9,3
0.3,-76.1,15
23.3,45.5,2
-37.5,-59.8,1
-0.8,-49.0,1
4.4,109.5,1
22.3,-59.8,1
19.4,-100.3,8
22.5,-59.8,1
4.3,110.2,2
-5.9,27.9,1
-35.9,154.4,1
-36.0,154.7,3
32.9,-47.6,2
20.6,41.2,5
-4.9,107.4,1
19.4,-125.1,15
2.0,0.9,10
-33.4,-56.1,1
-7.8,148.9,1
-15.1,125.5,1
-13.1,127.3,2
-28.0,-52.9,1
-10.0,-62.1,1
0.9,-54.6,1
-13.2,129.9,8
26.4,-90.2,34
-4.9,27.4,1
-7.5,151.2,1
4.2,-9.9,1
4.5,110.1,3
-6.4,94.5,2
-6.4,94.4,1
3.0,23.8,1
5.7,67.0,1
-4.4,29.2,9
-22.9,-48.6,3
28.2,-53.1,2
28.1,-53.2,1
-36.3,-59.1,2
-23.1,-47.9,3
2.7,-76.7,1
-23.2,-48.1,2
-3.0,-70.8,3
-3.5,-70.9,11
34.4,59.3,2
34.5,59.3,1
-5.7,-59.9,6
-5.6,-59.8,2
-26.7,-67.1,2
-37.0,-61.4,1
-37.1,-61.6,1
-12.7,128.1,16
-6.8,70.4,2
-6.8,70.3,1
-19.0,50.9,1
26.5,-90.7,1
-0.6,-75.9,1
26.2,-90.8,4
-7.0,115.2,1
-4.5,107.7,1
-12.6,128.1,2
-23.2,-51.5,2
3.8,-10.8,4
32.2,-49.1,1
-23.1,-48.6,5
27.3,-52.8,2
-14.0,122.8,3
-37.7,-60.1,1
-14.1,129.4,20
27.2,-52.9,4
-33.5,-56.6,1
-8.6,-73.2,11
1.6,-4.1,3
-39.4,-57.5,3
0.0,-76.0,2
-22.9,-170.9,1
-24.2,17.0,1
-23.6,-50.8,12
17.0,-126.7,2
34.5,168.5,1
-10.0,40.0,1
-14.0,129.7,8
-14.1,130.4,1
-14.1,130.5,2
23.2,45.5,2
23.0,45.5,4
-6.9,-60.2,2
-6.2,-59.9,1
-6.0,-59.8,1
1.9,-13.2,7
25.1,-91.9,9
-13.4,42.0,2
-27.1,24.3,2
-26.0,-66.7,1
34.3,59.4,3
-26.0,-66.4,1
7.4,148.2,1
-25.9,-66.9,1
-25.5,-66.6,1
39.8,-179.0,1
39.5,-179.2,2
-10.9,-58.0,1
-34.0,-60.5,5
40.1,173.2,1
-4.4,-66.2,1
40.0,173.3,4
40.1,173.3,2
40.0,173.4,1
-2.8,28.0,1
-11.4,-61.0,1
2.6,24.8,2
-0.7,-68.1,25
-22.1,-66.1,1
-22.0,-65.9,1
-22.0,-66.0,3
18.7,-126.6,1
-20.2,-64.9,12
22.7,46.3,2
22.7,46.2,1
-6.4,105.6,2
-20.1,-66.5,11
-31.5,-51.6,7
-18.2,-66.0,1
-14.3,123.8,1
23.1,47.0,3
2.6,24.9,1
39.6,-178.6,2
-15.6,126.2,1
2.2,-69.2,1
-23.7,-51.6,2
-23.7,-51.7,1
-2.0,-70.4,1
-36.0,-56.4,1
20.9,-124.1,1
17.3,-127.2,12
-36.6,-59.3,2
-23.3,-50.9,2
-12.3,128.2,1
-23.0,82.1,1
-23.3,-65.2,1
-18.9,50.6,1
-15.0,-71.7,4
-12.2,128.3,3
26.3,-152.3,13
19.4,-100.4,2
-12.3,128.4,4
-21.5,53.7,2
-15.5,59.1,1
-15.5,59.2,2
0.6,-54.5,1
-14.8,128.8,2
23.4,-57.7,2
-12.5,63.5,1
16.4,-126.4,1
-13.5,130.1,9
32.0,-24.0,1
-23.9,17.1,2
19.1,-98.3,2
13.1,-137.0,3
-34.1,-54.9,2
-26.7,19.2,3
-33.9,-55.7,2
-5.2,-59.7,2
-5.5,-59.8,1
-13.9,122.7,1
-14.1,122.7,2
-13.0,128.6,3
-12.2,21.7,1
1.8,-3.6,2
-38.8,-59.8,1
-5.2,110.7,1
-22.5,-43.3,2
0.9,9.7,1
32.7,48.9,1
32.8,48.9,2
-14.4,123.9,4
24.8,-92.2,10
-13.6,121.7,10
15.4,-127.1,1
-33.5,-54.5,2
-11.9,-57.0,4
-32.7,-53.2,1
-32.6,-53.1,1
1.1,9.3,20
2.3,106.1,2
20.7,41.1,1
-5.8,-59.9,4
-16.0,126.5,4
-16.3,126.5,2
-14.8,-58.1,1
-14.8,-58.0,1
-16.2,126.5,1
0.8,-75.5,1
-32.7,-55.3,1
19.0,98.5,1
-14.6,-62.0,1
-0.1,-76.0,2
-14.5,-61.7,1
-7.5,-48.4,1
-7.5,-48.3,1
-16.6,125.9,2
34.6,59.3,1
-3.6,96.7,1
0.6,70.6,1
-11.2,-60.9,1
-33.4,-55.7,18
4.0,25.9,4
4.0,25.8,1
-13.9,42.4,2
19.1,-125.3,1
-8.9,111.8,12
-5.1,10.6,1
-10.8,26.7,1
27.0,-91.3,1
26.3,-152.2,5
3.9,23.7,2
-16.2,125.4,1
12.9,-136.6,4
-34.7,-60.0,1
-46.8,-142.3,1
-24.3,17.4,1
-7.8,-66.4,1
-9.5,-61.4,6
16.7,-97.1,2
-39.1,-57.9,1
2.5,-76.9,1
-23.2,-51.4,3
4.9,-10.3,1
4.5,-57.2,2
-5.8,111.2,1
6.2,66.7,1
-34.0,-55.7,19
-26.4,-51.4,1
-16.7,-156.4,6
-4.3,96.8,6
16.3,-126.6,1
-27.2,-52.7,1
-35.4,-63.6,7
0.1,70.5,2
-19.1,-65.5,5
7.4,148.9,11
28.3,-53.3,1
-13.4,129.8,14
-13.5,129.8,25
-14.9,-72.6,1
-26.0,-52.7,7
28.4,-53.3,1
-1.5,25.7,1
-13.7,121.7,4
32.6,-23.5,1
-6.8,70.5,1
-5.4,13.2,1
1.5,5.3,4
7.4,148.1,1
7.4,148.3,2
1.6,5.4,1
-3.6,-60.4,1
-6.6,-82.9,1
-3.7,-62.1,2
1.5,5.4,5
-4.4,28.7,1
22.7,45.0,1
-0.4,93.6,1
-12.2,128.4,4
6.8,25.4,16
-12.0,20.7,1
-8.2,-48.1,6
-34.5,-60.5,1
5.6,67.2,2
-1.8,-70.0,1
-1.5,-77.2,1
-6.9,-45.0,1
-12.2,-59.9,1
2.1,-69.5,1
-23.7,-50.8,5
0.0,8.7,1
-6.8,-63.2,5
-6.9,-63.3,1
-6.7,-63.1,1
-6.7,-63.2,1
-4.8,108.8,2
-30.6,23.4,1
35.3,59.8,1
-11.6,-56.7,1
35.0,60.0,4
-6.0,110.7,1
-33.5,-54.4,1
-7.8,149.7,1
-8.0,149.6,1
-33.6,-55.6,12
-7.3,147.5,1
-5.1,149.1,2
-5.0,149.0,3
23.1,46.1,1
2.7,24.1,1
-19.0,51.2,1
-19.1,51.0,2
0.6,9.6,1
26.6,-89.3,2
24.0,-92.9,13
2.7,-76.8,1
2.6,-76.8,2
-3.8,29.0,1
-32.7,-52.8,1
2.5,24.2,6
-16.6,125.7,1
2.6,-76.7,1
-10.8,123.7,2
18.5,-126.5,1
-39.0,-60.4,1
25.2,-91.9,6
-0.1,-78.7,1
25.0,-91.9,3
-39.0,-60.5,1
-39.1,-60.7,1
16.8,-128.5,1
1.8,-13.2,1
2.0,-13.2,6
43.0,-143.2,2
43.1,-143.2,1
-14.1,129.7,3
-13.7,42.1,1
-0.5,-67.9,1
-1.3,-68.1,1
-0.1,-75.7,1
-0.1,-75.6,1
-34.6,-60.3,1
-4.5,27.8,2
4.3,-57.2,1
-24.8,-66.9,5
-12.2,-59.1,1
-0.4,-68.3,1
1.1,9.4,18
-34.7,-64.4,1
-8.7,139.2,1
-14.5,123.3,9
-5.2,-46.8,2
-7.2,115.7,5
-4.7,108.1,3
-4.5,108.0,1
-4.2,-77.2,1
-4.2,-77.1,1
1.3,-68.0,22
2.0,-61.9,1
18.0,-126.4,2
-14.2,130.4,1
2.0,-68.0,59
4.6,67.8,1
1.5,-69.6,8
19.2,-125.2,1
-7.0,70.4,1
38.3,-179.5,1
-15.5,47.5,3
-9.7,-59.6,1
1.8,-68.0,4
2.1,-67.8,2
-4.7,28.5,1
0.9,-69.2,5
-13.1,129.9,3
1.0,-76.9,1
-42.3,24.0,1
3.5,-54.5,2
20.8,-124.3,8
20.7,-124.3,1
-9.0,-61.7,2
-9.1,-61.6,1
-9.0,-61.6,3
20.5,-124.4,1
-36.5,155.1,19
-36.0,-63.4,1
1.5,-4.2,1
2.2,-4.0,1
-37.8,-58.3,1
6.1,67.0,1
-38.0,-61.1,2
-28.2,-106.7,1
30.3,-50.6,1
30.2,-50.8,7
-3.8,96.4,1
30.4,-50.7,3
-14.2,-56.9,1
30.5,-50.7,1
-34.0,-54.6,1
-41.7,0.2,1
-7.8,-48.2,1
-5.3,-78.3,1
-5.5,91.9,1
-5.7,92.0,4
-23.8,17.8,1
-0.3,25.0,1
32.0,-49.3,3
-5.2,96.8,1
-0.6,-73.8,8
-3.7,-71.3,1
-2.9,-70.6,1
-13.1,128.8,4
-33.6,-55.7,6
-6.4,91.8,2
-6.4,91.9,2
-6.5,110.1,1
-18.5,161.0,4
39.5,-178.2,2
-24.5,150.2,1
-4.9,125.6,2
1.1,9.5,2
-5.3,27.4,1
14.4,-127.4,1
-4.4,-76.8,1
-4.4,-76.9,8
-22.4,-65.5,3
-22.4,-65.6,2
-22.3,-65.6,1
-10.7,123.6,1
-33.4,-61.3,1
38.7,-179.6,6
38.7,-179.5,3
-5.2,10.6,1
27.0,-150.8,1
27.3,-150.8,1
-4.2,27.2,1
3.0,119.6,1
-22.9,-170.8,1
12.9,-136.7,8
-4.3,28.6,1
-26.8,-51.2,2
-26.7,-51.3,3
-25.9,-52.6,1
19.9,-103.0,1
-34.1,-60.8,1
0.4,25.8,2
-11.0,-58.0,1
3.8,-65.1,2
3.7,-65.3,1
-11.4,127.2,1
1.0,-76.4,2
-5.7,109.4,15
-12.3,127.3,3
-26.4,-67.0,1
-26.4,-66.9,2
1.2,-67.9,4
1.6,-67.9,1
0.3,10.7,1
-14.6,123.6,1
-1.5,-48.9,3
-10.6,123.7,1
21.3,101.6,2
-13.7,129.9,2
-13.9,129.8,12
-12.7,128.2,17
-12.7,128.0,1
-15.5,-56.0,2
23.4,48.1,1
23.3,48.1,1
-15.5,-55.9,1
-19.3,51.2,1
-12.5,63.6,1
26.2,-90.2,3
-13.0,128.3,1
-13.1,128.3,7
1.9,-69.6,1
-1.1,93.3,2
1.6,-69.6,45
-13.4,42.2,2
-2.9,-70.9,2
-3.0,-71.0,1
-31.6,-51.4,1
-2.7,-70.6,4
-2.6,-70.7,1
31.5,-49.8,1
23.2,45.6,7
31.6,-49.8,1
-8.5,-61.9,1
-8.6,-61.9,4
0.4,25.4,3
-22.1,-43.7,2
4.4,-57.3,4
-16.6,-60.1,12
-5.1,-60.1,5
25.5,-91.6,2
25.3,-91.5,1
-32.0,24.2,1
-3.5,-51.0,3
-9.6,34.2,1
-36.2,-56.3,11
0.4,25.7,4
-3.3,-70.8,7
0.1,-68.0,5
1.8,-23.0,6
38.4,-179.5,4
-21.9,-44.6,2
5.1,26.7,1
38.3,177.8,1
18.8,-97.3,1
-16.8,-69.3,7
-16.9,-69.3,3
-4.6,27.7,1
-12.0,-57.1,2
-12.0,-75.7,1
-13.5,121.8,2
-5.1,147.7,2
30.8,-50.6,1
25.3,-91.8,26
-33.6,-54.3,5
2.1,1.2,1
36.2,58.4,1
-38.6,-60.4,1
-12.1,127.3,1
-12.2,127.3,1
2.3,-69.8,1
1.4,-70.0,1
31.9,-24.0,1
17.1,-126.7,1
-14.6,-74.4,1
26.8,-89.3,1
19.7,-124.8,1
22.7,-103.6,1
-11.9,-56.8,2
-1.3,-73.1,1
-14.8,-73.6,1
41.9,-49.7,2
19.0,-99.8,3
19.0,-99.9,7
-1.0,-68.0,1
-37.6,-60.7,1
27.0,-52.9,1
26.6,-51.9,1
0.5,25.3,2
32.7,-23.5,2
-37.1,-61.3,1
-5.8,108.9,3
-5.6,13.2,1
-12.1,128.3,1
2.2,1.6,3
-35.5,-63.5,1
-30.0,-109.5,1
-29.9,-109.3,5
-7.9,149.3,1
-8.0,149.2,1
-4.8,97.2,3
-13.0,130.0,1
-8.0,149.3,1
-27.5,-52.8,1
1.5,-13.2,1
2.9,23.9,1
2.9,24.0,1
-27.0,-53.2,2
23.2,47.2,3
23.3,47.2,1
1.6,5.3,1
-32.6,-55.4,1
39.9,-178.4,2
23.1,45.6,8
-14.5,124.0,3
-6.3,111.9,4
-14.0,42.3,3
3.5,23.8,1
-5.1,148.9,1
-19.1,50.7,1
-23.5,-51.6,1
-26.9,-48.8,2
-4.4,29.3,6
31.3,-49.7,18
-5.6,109.2,1
-5.7,109.5,17
-35.8,-60.6,1
-35.8,-60.7,1
19.8,-103.4,4
22.9,48.8,1
27.3,-91.9,1
0.4,9.4,18
-22.3,-49.1,4
-0.8,-76.7,1
-28.7,-68.0,2
6.7,25.3,2
-0.4,-69.4,1
-14.3,130.1,1
4.9,-57.1,1
6.6,25.3,3
-34.1,-60.3,3
-4.5,29.1,1
7.6,25.8,1
1.9,-68.0,16
-31.3,-53.3,1
0.5,-76.4,20
-15.4,46.8,1
33.0,-47.5,2
0.7,-75.1,3
-33.2,-55.9,1
1.9,-74.6,1
-23.9,17.4,2
1.8,-74.6,8
-34.6,-64.3,2
-34.7,-64.3,1
11.2,-65.9,1
-3.7,-50.8,1
-15.1,-71.4,2
-39.0,-60.1,1
-15.1,-71.3,1
-9.3,-61.3,1
-9.7,-61.6,1
-9.4,-61.5,5
4.4,110.0,2
-8.2,-47.8,1
-23.7,-50.7,3
-23.8,-51.9,5
23.0,45.6,2
-23.8,-51.8,1
-16.0,-71.9,1
-5.5,111.0,2
22.4,-123.8,1
-13.9,122.0,3
25.2,-91.8,24
25.3,-91.7,30
-16.2,-71.2,6
-23.1,-67.4,1
-23.1,-67.3,2
-14.6,-74.6,2
-0.3,129.7,4
-28.9,152.7,1
-25.8,-64.6,1
-2.3,-69.8,7
-5.8,109.5,11
23.5,-93.3,4
0.9,29.3,1
1.3,-75.8,2
1.4,-75.7,2
-30.6,23.6,1
1.2,-75.8,1
0.9,-53.7,4
-37.3,-61.2,1
-16.1,-71.0,1
-30.3,-109.3,1
-4.1,8.7,2
-30.0,-109.3,11
-38.0,-61.2,1
-33.5,-54.3,2
-0.7,25.6,1
-1.2,66.6,2
23.2,45.7,7
31.5,-49.9,2
-27.3,-52.3,1
1.9,-70.0,5
-31.5,-51.5,4
-13.6,127.7,1
1.9,-13.1,7
-4.8,96.5,1
-9.6,34.0,1
-32.7,-55.1,5
-38.3,-60.4,1
-38.3,-60.3,1
0.6,-53.3,4
39.5,-178.6,1
39.6,-178.5,2
-8.8,111.6,1
6.9,25.4,8
4.9,108.8,1
-22.7,-65.1,6
-8.9,111.7,1
-0.2,122.0,1
17.1,-127.7,1
30.2,-50.6,3
-4.0,28.5,2
-31.2,-67.9,1
30.0,-50.6,1
-3.9,-70.8,2
-24.0,-50.6,8
30.3,-50.4,2
30.4,-50.4,1
-8.5,-73.2,6
16.0,-96.0,2
30.1,-51.3,5
29.8,-51.3,15
-34.1,-60.4,2
20.9,-124.4,1
-20.6,-66.5,1
-20.6,-66.4,2
-20.5,-66.4,1
-13.1,128.7,1
-7.8,-48.3,2
-22.5,57.0,3
-36.6,-59.4,2
-39.1,-60.2,1
-26.8,-51.3,1
0.1,-68.1,2
0.0,-68.1,2
-14.6,-74.5,3
-14.5,-74.6,4
-34.2,-55.7,4
-0.2,24.7,4
-8.4,-48.3,1
1.0,5.6,3
1.0,5.5,4
27.4,-154.7,1
19.3,-99.8,1
-13.8,129.9,11
-36.3,-56.4,1
1.4,-69.5,3
-4.1,29.5,2
1.1,-69.5,1
-2.1,25.6,1
30.5,-51.4,1
2.7,66.2,1
-10.7,123.7,1
-4.4,27.9,1
-7.7,149.8,9
-21.8,-44.6,2
-18.2,162.2,12
7.5,149.1,1
7.4,148.8,2
24.3,-93.2,1
-23.4,-51.7,1
-13.1,128.2,1
-7.4,-46.4,1
12.8,-136.7,5
34.3,59.5,2
17.4,-100.1,2
-0.7,99.0,1
-34.3,-64.5,1
4.5,110.0,2
-23.1,-65.3,1
-1.2,93.3,1
-14.1,123.8,1
-0.3,-73.8,1
-0.6,-73.7,1
-0.3,-73.9,2
-36.5,-61.7,1
-9.6,-61.5,2
-24.1,-50.2,1
-26.1,-65.2,2
2.0,-23.0,1
1.8,-22.9,3
-39.1,-58.0,5
-30.8,23.3,1
-14.3,123.9,2
-28.3,-106.8,1
-34.6,-59.9,4
25.1,-91.8,6
19.0,-98.1,1
1.9,-2.2,1
1.3,-2.4,1
12.5,-136.4,1
-14.3,-74.5,1
4.2,-10.3,2
-38.8,-59.6,1
-34.7,-64.1,1
-1.8,-77.5,1
-20.9,-66.6,1
-21.0,-66.0,1
-0.6,-73.9,16
-33.2,-55.7,1
-4.7,97.6,1
38.1,177.8,2
-15.2,125.7,1
4.4,111.3,7
-2.0,-70.2,1
-6.5,-60.3,1
39.7,-177.7,1
2.0,1.0,2
-14.3,129.2,1
0.8,25.6,1
-13.8,123.1,1
-33.1,-53.7,1
17.2,-126.8,1
23.3,45.6,1
15.8,-127.7,1
-11.5,-57.3,1
-25.4,19.3,1
-12.5,-58.9,7
-14.2,129.3,7
-14.1,129.8,1
-16.8,-156.5,1
-17.0,-156.6,1
-23.7,-51.8,5
31.4,-49.7,4
-37.0,-61.3,3
-13.7,121.6,1
-4.3,-77.4,1
-15.9,126.3,4
27.1,-151.3,1
27.2,-151.2,1
-39.2,-57.7,1
-23.7,-53.2,1
-33.7,-55.5,13
-8.7,-66.5,1
-8.7,-66.6,1
1.2,29.2,2
0.3,70.5,23
0.2,70.5,21
-16.2,125.5,1
-9.5,-61.3,1
-32.4,-53.9,6
-4.3,-59.8,1
23.6,45.5,1
-30.4,24.2,1
1.2,-68.0,46
-8.4,-47.9,1
1.3,-67.9,4
-18.5,160.8,2
-4.4,-48.0,1
-14.6,129.9,1
-14.4,129.8,1
-15.9,125.4,6
-15.8,125.3,16
23.2,47.3,1
28.0,-53.0,1
-13.9,122.2,4
0.4,70.5,5
0.4,70.4,1
0.6,-77.2,1
-21.2,-48.3,1
-16.4,-71.1,1
16.0,-96.1,1
22.0,-123.9,59
22.2,-124.0,1
-37.1,-62.3,1
-37.1,-62.5,1
-34.5,-64.3,1
-15.4,-55.9,3
-15.4,47.5,1
-2.7,-69.8,2
-16.3,125.7,2
-4.7,-59.7,1
-5.0,-46.8,1
26.7,-90.8,2
-15.0,128.9,3
-10.8,123.6,1
-5.2,-48.4,1
1.5,-68.0,5
-9.6,-48.6,1
-12.2,127.4,2
18.8,-99.7,6
2.5,24.8,1
20.9,-124.7,1
18.7,-99.7,2
-13.1,127.4,2
-13.2,127.4,1
2.1,-13.2,8
1.3,-76.2,1
1.5,-76.2,1
3.0,119.4,1
-27.3,-52.5,1
-26.8,-52.4,2
-14.6,124.0,2
-35.9,154.6,9
2.3,-68.1,1
-10.3,-56.8,1
-10.2,-56.8,1
2.5,-76.0,1
1.6,-75.6,1
-15.5,126.0,5
25.4,-91.2,1
-12.0,-76.4,1
-12.1,-76.4,1
33.1,-47.5,1
-12.1,-76.3,1
-6.1,94.6,3
-36.5,-59.3,1
-6.2,94.6,2
-31.7,-51.3,1
5.2,109.0,2
-12.7,128.3,1
-18.0,-55.4,1
16.0,-126.7,1
-3.3,-70.7,2
-33.2,-55.8,5
-26.2,-66.9,1
-26.2,-66.8,2
27.4,-52.5,1
-2.3,-69.9,1
6.0,25.2,3
-26.1,-66.8,1
-21.6,-49.7,1
-21.6,-49.8,1
-15.1,125.0,1
0.3,70.4,25
-12.5,64.0,1
21.8,-124.0,4
6.3,152.7,3
4.2,-10.6,1
-10.7,123.8,2
4.1,23.7,1
-22.4,-43.4,2
41.9,-49.8,1
-6.9,70.4,2
42.0,-49.7,3
-16.1,125.4,1
-4.9,108.9,3
0.6,70.1,1
-33.5,-55.7,28
25.8,-91.1,17
25.5,-91.1,1
-14.0,129.8,6
-4.1,29.3,13
38.1,177.7,1
-7.3,156.7,2
0.1,23.8,1
4.8,-61.5,1
-4.7,30.5,1
-13.6,121.8,17
-13.6,121.9,16
-3.7,28.9,1
-7.2,29.3,1
-14.7,129.1,2
32.5,49.6,1
1.9,-69.5,1
1.1,-75.6,2
17.0,-128.1,1
17.0,-127.6,1
-30.6,23.1,1
-6.2,112.7,1
31.7,-49.7,4
26.1,-90.5,1
-15.2,-73.5,2
-23.0,82.4,1
-23.2,82.2,2
23.6,48.3,1
13.4,-128.5,1
2.1,1.6,22
-15.6,-59.4,1
-14.5,123.2,4
3.7,-54.4,1
39.9,-178.3,4
-32.3,-53.1,2
3.8,-10.9,5
-28.6,20.2,1
-0.8,-74.0,1
-26.1,-67.2,2
-26.2,-67.2,1
0.3,10.5,1
2.8,66.6,1
-24.1,-50.6,10
-13.0,129.2,1
16.1,-96.1,2
2.8,66.7,1
22.1,-124.0,2
-5.2,147.7,1
-32.7,-55.0,5
25.9,-90.8,1
26.0,-90.8,6
-6.4,112.0,1
-22.5,-49.2,1
20.6,-102.2,2
-24.5,150.4,3
0.4,-76.4,2
42.1,-49.7,5
-34.2,-60.1,1
-12.8,128.2,3
0.9,9.4,7
-8.7,140.1,1
-8.7,140.0,2
-12.9,129.7,1
-34.2,-64.1,1
-0.2,-68.3,1
-33.3,-59.9,1
0.4,24.9,1
2.7,24.0,4
-33.9,-55.5,3
-33.9,-55.4,3
2.5,24.7,1
30.1,-50.7,2
-6.5,110.2,2
30.1,-50.6,1
-6.3,94.1,1
0.5,25.5,1
1.3,-69.6,2
2.0,1.6,3
-23.1,-48.0,4
-4.3,27.5,3
-34.1,-60.5,1
-13.7,122.1,8
-12.3,-58.6,1
-3.2,-70.8,9
-13.1,-59.4,1
-5.4,92.3,1
1.9,-22.9,1
-12.7,-58.7,1
1.7,-69.6,9
22.7,46.9,1
22.7,47.0,2
-24.0,-50.5,5
34.4,59.5,1
24.9,-91.8,2
4.9,-61.9,1
-18.1,162.2,6
-32.0,-52.5,1
-10.0,-75.4,4
-10.1,-75.4,1
-3.8,-70.8,2
-10.0,-75.5,4
-0.3,24.9,2
6.4,25.2,1
2.3,-78.1,1
2.0,-78.3,1
3.6,-67.7,1
-36.7,155.3,1
3.5,-67.6,2
-30.0,-109.4,7
18.0,-126.2,1
18.2,-126.1,1
-11.9,128.3,2
-11.9,128.2,2
-12.0,128.3,6
18.9,-99.7,9
-38.3,-61.1,1
-26.9,-52.4,3
-36.1,154.7,2
-18.4,160.8,6
-16.5,125.7,3
-4.3,29.6,1
1.5,-3.8,12
43.2,-143.2,1
1.9,-1.8,1
26.5,-55.6,2
-6.6,28.8,1
-22.4,-65.7,2
-22.0,-65.4,1
-12.4,128.0,1
-13.3,129.9,16
-23.2,-65.3,4
-23.2,-65.2,4
-15.3,-70.4,1
-15.3,-70.5,2
-3.5,-71.0,2
-14.9,128.9,2
-28.7,-68.1,2
-28.8,-68.0,2
-23.4,-49.8,1
-22.6,-64.9,1
34.7,59.8,1
23.5,48.4,1
-21.3,-65.9,4
22.1,-123.9,31
27.2,-52.8,3
30.0,-49.3,1
-0.6,-74.1,4
3.8,-10.5,1
4.1,-10.2,1
-2.7,26.1,1
-2.7,26.2,2
-3.2,-70.7,2
29.9,-51.2,9
18.9,-98.2,1
-6.4,28.6,1
-9.7,-59.5,1
-0.6,-73.4,1
-13.4,129.9,5
23.7,-56.6,11
23.6,-56.6,9
23.6,-56.7,16
23.1,48.9,1
23.9,-56.4,1
-22.6,-48.7,1
-3.9,107.8,1
-22.1,-65.6,4
19.3,-125.1,3
5.2,109.1,2
-29.0,20.9,5
-4.5,97.5,2
-14.6,-72.0,1
20.8,-124.2,5
-25.9,-52.5,2
-37.2,-62.3,2
-37.3,-62.3,1
0.7,-75.6,1
-4.1,29.4,15
-25.9,-65.1,1
23.9,-92.9,7
-2.6,-70.4,1
-8.7,111.6,2
-12.4,-58.9,4
-30.4,-140.9,1
-34.6,-60.0,1
-3.7,-51.1,1
-0.7,-77.2,1
-0.2,25.5,4
12.9,-137.0,1
-4.3,29.3,1
-2.4,-70.0,1
-4.2,29.3,2
-28.4,-54.2,3
1.1,-67.9,2
-7.6,149.7,2
31.6,-49.6,12
-35.3,-170.4,3
-24.9,-67.1,3
-20.1,-170.7,1
-2.2,27.0,1
-2.2,26.9,1
-3.3,26.4,1
-33.4,-56.6,1
17.2,-126.9,1
-12.1,-60.0,10
-26.9,-52.7,1
18.6,-97.7,2
-13.9,122.5,2
-37.7,-60.5,1
-4.3,96.9,2
23.1,45.7,10
33.1,47.8,1
-7.7,-48.4,1
-23.1,-64.7,1
0.5,9.5,2
-8.9,-61.7,1
4.6,110.0,1
-13.3,128.8,1
32.9,-47.5,1
-26.5,-51.4,1
2.3,-13.1,2
-2.3,25.8,1
19.1,-100.4,1
-13.8,122.2,18
0.8,-7.4,1
-5.1,31.1,1
22.9,48.0,1
1.3,-76.4,1
-14.1,169.7,4
-8.1,-48.6,4
2.2,-69.5,1
-13.8,121.2,1
-3.5,-78.3,1
-0.2,25.4,1
38.3,169.5,1
0.4,9.5,3
-24.1,-50.5,1
-8.8,111.9,3
-0.9,-74.0,1
31.1,-50.4,1
31.7,-49.6,16
31.9,-49.7,1
19.4,-124.8,1
0.0,-69.5,1
-26.3,-51.3,1
-7.7,149.7,5
-8.0,150.0,1
-14.0,129.2,1
-4.7,27.6,1
-23.1,-64.6,1
0.1,-76.1,5
-28.2,-107.1,2
30.1,-50.9,1
-23.0,-47.9,3
0.0,-76.1,3
6.3,25.2,4
34.5,59.5,1
25.7,-91.1,5
35.2,173.0,2
-35.4,-63.7,2
-4.8,108.9,2
-26.1,-67.1,3
0.3,9.4,1
26.0,-90.6,2
-24.5,18.5,1
-24.3,-66.4,1
1.4,-3.8,3
6.3,-70.5,1
-12.3,-59.7,4
-12.3,-59.6,2
-13.5,121.6,1
-22.0,-65.7,1
-5.1,-59.6,1
23.3,48.4,1
-31.5,-69.1,2
-31.7,24.1,1
-31.8,24.2,1
-33.5,-55.6,26
-33.5,-55.5,3
-4.6,97.0,1
3.8,-10.2,3
-14.3,124.0,7
-14.2,124.0,1
-14.0,42.2,1
31.1,-49.9,1
25.6,-91.2,4
-20.1,-64.9,1
-4.2,29.6,1
-2.5,25.7,1
-4.9,124.5,1
4.6,-61.4,1
20.9,-124.3,3
18.1,-126.3,1
0.0,24.9,1
1.8,-74.5,1
4.4,-56.4,1
-18.4,161.2,28
-15.4,125.4,2
-16.8,124.9,2
-32.3,-53.5,1
-37.4,-62.3,1
19.9,-103.4,1
42.1,-49.6,5
-25.5,-53.2,3
-16.8,-156.7,1
-34.2,-55.5,11
-34.5,-55.9,1
-34.5,-56.0,1
36.3,58.4,2
38.5,170.6,3
38.5,170.5,2
38.8,-179.5,1
-35.1,-64.2,1
-13.6,42.1,4
39.6,-178.4,4
2.5,24.9,2
0.9,-76.5,1
32.5,-23.9,1
1.1,-68.2,1
26.3,-90.2,8
0.5,-68.0,1
-22.4,56.6,1
-22.5,56.6,1
-5.4,96.9,1
-8.0,150.4,1
-11.5,-60.4,4
26.4,-89.9,2
7.3,148.8,1
2.2,-13.0,1
-0.8,-73.9,1
-34.5,-60.0,1
6.8,25.2,1
38.4,-179.4,2
18.8,-98.3,1
-4.7,14.1,1
-12.3,-58.9,3
-12.0,-58.9,1
6.4,153.2,1
-15.5,125.7,2
29.8,-51.2,17
-12.2,128.5,1
42.0,-49.9,1
-14.9,129.1,1
31.8,-49.6,4
2.1,1.5,10
-31.4,-53.1,2
-12.5,127.8,1
-31.4,-53.2,1
23.1,47.9,1
-0.3,24.7,2
25.9,-90.9,1
-2.7,27.7,1
4.0,-10.3,1
-0.3,25.5,1
-31.5,-68.8,1
3.5,-11.0,1
2.9,2.4,1
39.8,-178.9,4
39.7,-178.9,3
2.7,-67.8,1
-0.7,-70.0,1
1.2,-67.7,1
2.0,-68.1,26
23.8,-93.2,5
1.4,-3.9,1
35.5,172.1,1
35.5,171.9,1
-17.6,-69.5,2
3.4,-54.3,4
-23.6,-50.9,4
-19.2,-65.3,1
6.1,25.6,3
0.1,-79.5,1
25.1,-91.7,7
-33.2,-54.6,3
22.9,47.9,1
-8.8,-60.2,1
-22.1,-65.5,3
-18.3,161.2,10
-33.3,-54.5,3
-22.3,-65.5,1
-34.1,-55.6,14
-15.7,126.1,2
-18.9,-65.8,1
2.2,1.5,1
-35.3,-63.8,3
-35.4,-63.8,1
-35.2,-63.7,1
19.2,-99.8,1
3.9,23.6,1
-33.2,-53.8,1
-6.6,110.3,1
-24.2,17.1,1
-6.6,28.9,1
18.1,-125.5,1
18.9,-98.1,1
-4.6,-60.0,3
-8.6,-60.1,2
25.6,-91.1,3
-11.6,-57.8,1
-4.4,-77.5,1
-3.8,97.0,1
-7.7,-48.0,1
-14.0,42.5,1
27.3,-53.0,1
0.1,-76.0,1
-2.0,-77.9,1
29.1,-48.9,1
30.0,-51.1,1
-2.0,-76.0,1
35.3,173.0,4
-22.3,-43.4,3
-33.8,-55.4,4
0.3,25.5,1
-5.2,29.4,1
-4.6,27.6,3
-33.0,-54.6,10
-4.3,-76.9,1
20.0,-102.1,3
19.9,-102.2,1
20.1,-102.0,2
20.0,-102.0,3
-13.9,-57.7,1
33.1,147.7,1
33.3,148.1,1
-33.3,-55.8,4
-5.4,13.6,1
-5.5,13.2,1
1.8,-68.1,4
-2.8,27.8,1
-0.4,-69.0,1
0.6,-75.2,1
-33.6,-54.2,2
-9.5,-61.5,5
32.8,47.7,1
32.8,47.8,1
-12.1,124.8,1
-1.1,-48.8,1
2.4,24.9,1
4.9,-62.0,1
29.7,-51.3,2
23.9,-92.8,1
-35.9,152.7,3
23.8,-56.7,4
-4.5,-48.5,1
-16.1,125.7,3
-20.2,-170.8,1
-34.7,-60.1,1
-34.6,-60.2,1
-0.6,25.5,1
-15.3,126.3,1
-38.1,-61.1,2
4.5,-61.0,2
4.4,-61.0,5
-13.9,129.9,4
-34.0,-55.6,2
31.1,-49.8,1
-4.1,-77.2,1
2.7,96.8,2
-23.2,82.3,1
-11.4,-60.4,1
-20.3,-65.2,1
21.6,102.1,1
19.5,-100.5,1
-30.0,127.2,1
2.3,24.9,1
-36.2,-56.2,9
0.1,70.4,1
-31.0,23.4,1
20.6,-102.3,1
-5.6,13.1,1
-16.3,125.8,1
-16.3,125.9,1
32.1,-49.2,5
32.0,-49.2,3
6.1,25.5,3
10.8,-112.1,1
-28.5,-54.0,1
-30.6,23.3,1
-14.3,129.3,2
34.8,59.7,3
-29.1,21.1,1
-4.6,28.6,4
-12.4,128.8,1
-11.8,128.2,1
1.3,-68.1,1
-13.2,129.4,1
-16.1,126.5,2
-5.3,96.7,11
-32.8,-55.0,2
-32.9,-55.3,2
-38.4,-60.3,4
-4.2,-58.6,2
-13.7,41.4,1
38.6,-179.3,1
3.7,-10.2,2
-30.1,-109.7,1
-9.9,-75.4,1
-14.2,-56.8,1
-14.1,-56.8,1
38.2,177.9,1
25.2,-91.7,21
-10.5,-56.8,1
-37.5,-60.1,1
-10.5,-56.7,2
1.2,-75.5,1
24.9,-92.0,11
24.9,-92.1,2
24.7,-92.0,1
-36.7,-60.3,2
-31.9,-52.5,1
-34.7,-60.2,1
-34.8,-60.2,1
-34.6,-64.6,1
22.0,-123.8,1
22.1,-123.8,1
-12.6,-58.9,1
-4.4,-60.0,7
24.3,-92.4,15
23.5,-56.7,2
-13.8,122.3,2
-17.4,-68.9,2
-13.7,130.0,1
-17.4,-68.8,1
-13.1,122.8,1
-6.3,-60.8,2
-6.3,-61.0,1
-33.8,-55.5,1
-38.1,-61.2,3
-15.8,-70.7,1
-3.9,145.0,3
-3.9,145.1,1
-27.1,-53.0,1
26.4,-55.5,6
-3.7,96.6,2
-34.2,-55.0,1
31.6,-49.5,7
0.7,-77.1,1
-2.7,-70.7,1
36.9,136.1,2
36.8,136.1,1
37.1,135.9,1
-19.2,51.1,2
-12.1,127.2,2
23.3,45.7,1
30.1,-51.1,1
-0.7,-74.1,2
-1.0,-74.2,2
-23.8,-50.2,1
-26.3,-67.5,1
20.9,-124.2,16
-20.4,-66.7,2
38.7,-179.3,2
38.7,-179.4,2
-4.7,-60.0,2
21.9,-123.9,1
3.5,23.9,2
22.2,-123.9,7
4.8,-10.3,1
-14.1,129.5,4
1.1,64.8,1
2.0,-13.3,1
2.2,-13.1,2
-14.2,-57.7,1
-14.5,-57.8,1
-16.0,126.7,1
-8.3,-60.1,1
23.1,47.2,1
31.5,-49.6,2
-6.1,96.1,2
-6.1,96.0,3
-9.9,39.9,1
18.7,-99.6,3
-6.6,94.2,1
-6.7,94.2,1
-11.5,-60.5,5
-11.6,-60.4,1
-11.5,-60.6,22
0.6,-69.9,1
-24.3,150.5,2
-11.6,-60.7,3
-3.6,-60.5,1
-3.7,-60.7,1
1.2,9.4,1
-10.0,132.9,4
-14.1,170.0,2
-14.0,170.2,1
-10.1,132.8,1
-2.3,-78.6,1
-15.6,126.0,1
5.3,-61.4,1
-14.4,124.2,1
0.2,-76.2,2
-36.2,-63.1,1
0.8,-75.9,1
-15.3,47.0,1
-2.2,-70.5,1
-1.9,-70.3,1
19.9,-124.6,1
-1.8,-70.5,1
35.4,173.1,1
3.4,23.7,1
-26.7,-67.0,1
27.1,-150.8,1
-31.6,-51.5,1
-26.5,-67.0,1
-7.5,-46.5,1
21.1,-124.0,9
-10.6,-57.0,1
-34.3,-55.1,1
18.8,-99.8,1
1.8,-69.8,1
-23.3,-47.9,1
1.8,-74.7,2
-5.4,109.2,1
-34.6,-60.7,1
-27.3,28.5,1
-22.9,-48.9,2
-33.5,-55.9,2
-25.9,-67.1,1
-4.0,27.6,1
1.5,-75.6,1
-15.1,-73.2,1
-25.2,-66.3,1
0.5,-68.2,1
23.6,-56.8,1
-12.6,-59.2,1
12.8,-136.8,1
-13.4,127.4,1
30.2,-50.7,2
4.0,-10.4,2
30.4,-50.6,1
30.1,-50.8,2
30.0,-50.5,1
31.6,-49.7,1
36.1,170.6,1
-31.8,-67.7,2
-3.1,-70.7,1
4.8,25.7,1
-14.6,124.1,3
-5.1,96.7,1
-14.7,123.8,2
-39.0,-57.9,1
-22.9,-47.9,1
-8.1,-48.5,2
6.0,25.1,1
-7.9,-48.6,1
0.6,-75.1,1
-6.4,94.1,1
-19.1,-65.4,4
-12.9,127.6,3
-14.2,129.4,10
-24.6,-66.8,1
13.2,-136.9,2
-2.6,25.4,1
-1.2,66.5,2
-2.8,-70.7,1
-15.2,-71.5,2
1.4,-55.9,1
2.8,23.8,4
29.2,-52.6,1
4.2,-62.4,1
19.8,-103.0,1
30.2,-26.7,1
-22.7,-47.3,2
-14.5,124.1,8
17.3,-126.8,2
1.7,-69.8,3
2.9,23.7,9
38.7,-179.2,5
1.0,-75.4,1
-33.9,-55.1,1
-0.7,-73.8,1
-24.8,17.9,1
20.9,41.0,1
-0.8,-77.1,1
-1.8,26.3,1
-5.1,27.5,3
-7.3,156.8,1
-7.2,156.7,1
4.4,-56.2,1
16.2,-96.1,1
16.3,-96.0,1
-4.6,31.7,1
18.2,-126.6,3
18.1,-126.4,2
-20.3,-64.8,1
18.1,-126.2,2
2.8,24.1,1
43.4,38.6,2
-9.9,-75.3,1
-9.7,-61.5,1
5.0,108.7,1
-28.7,-67.9,7
-24.2,17.6,1
-36.6,-60.3,1
-3.3,-70.6,1
-8.2,112.1,1
23.1,47.1,1
-10.7,26.4,1
-32.8,-52.8,2
-25.8,-52.5,1
-3.5,28.1,1
-5.1,29.2,2
17.4,-100.2,1
-11.0,-57.7,1
-20.4,-66.8,1
-14.6,-74.7,1
-6.9,70.5,3
-35.3,-170.3,1
-27.6,-52.5,2
-6.0,95.9,1
-15.4,125.2,1
2.0,-68.9,1
-16.6,126.1,3
23.1,49.0,2
-10.5,25.2,1
1.5,-68.1,9
-5.2,108.9,1
-2.9,-70.7,1
-39.4,-58.2,1
26.3,-152.5,6
-33.9,-55.6,2
11.8,-140.3,1
-10.0,39.9,2
-0.1,25.5,2
-14.2,130.6,2
-33.6,-55.5,7
26.5,-55.5,1
26.7,-55.5,1
26.5,-55.4,1
26.4,-55.4,2
5.9,25.1,1
-39.3,-60.1,1
-12.6,-56.7,1
38.7,-179.1,2
-12.7,-56.8,1
-8.7,-73.3,1
34.7,59.7,1
25.3,-91.6,6
19.4,-125.8,3
-14.0,-57.8,1
39.0,176.4,1
-15.8,125.5,6
22.8,47.1,1
-38.0,-60.1,1
-29.0,21.0,2
38.4,-179.3,8
0.6,25.5,1
-34.2,-55.6,12
-38.2,-61.3,1
3.8,-10.3,3
-31.9,24.3,1
-22.2,-65.5,1
24.7,-92.3,6
-0.1,9.0,1
3.9,-56.3,4
-15.6,125.9,1
3.7,-56.3,1
3.9,-56.4,4
-24.2,150.4,2
-2.5,25.9,1
6.9,25.3,1
-5.0,27.2,1
-27.1,-52.0,1
24.1,-92.4,4
24.2,-92.4,17
-21.1,-48.2,1
-13.1,127.6,1
6.0,25.5,1
-9.7,40.0,1
39.7,-178.8,1
2.2,24.9,1
31.3,-49.5,1
-26.0,-65.0,1
40.4,-179.3,1
-15.3,126.2,1
-15.3,126.4,1
31.3,-50.7,1
2.4,65.9,1
-10.9,26.3,1
21.2,-124.5,5
-1.8,26.6,1
21.2,-124.6,2
-8.5,-48.4,1
21.1,-124.6,1
25.4,-91.6,3
-6.5,110.5,1
-0.4,119.3,2
-5.0,147.9,4
25.0,-91.8,1
-6.2,94.2,1
39.7,-178.3,1
39.7,-178.2,1
39.6,-178.2,1
-23.0,82.5,1
-10.1,-59.1,1
-4.4,-80.5,1
-53.8,-139.1,1
21.4,-125.3,1
-36.5,-59.1,1
23.6,-93.2,14
28.1,-52.9,1
28.0,-53.2,2
-30.9,23.3,1
3.2,-54.4,4
3.3,-54.3,1
-1.7,25.5,1
26.5,-55.2,2
-1.9,25.4,1
-15.7,126.0,3
-21.8,-44.8,2
-23.8,17.3,3
-26.9,18.8,1
-20.5,50.9,2
23.5,-56.6,1
-4.5,97.4,1
-27.9,-67.3,1
4.7,-10.4,1
1.9,-62.0,2
1.7,-69.7,7
1.4,-68.1,1
0.9,9.3,7
2.6,24.0,7
34.4,59.6,2
20.1,-124.8,1
-12.4,-59.3,1
-36.2,-63.3,1
1.7,1.2,1
-10.4,-63.8,1
0.9,5.6,2
-6.6,94.1,2
-6.1,95.4,2
-7.7,149.6,1
-10.8,123.8,1
-32.3,-67.4,1
-32.2,-67.0,1
-32.1,-67.0,1
-32.2,-67.1,2
-13.3,130.0,1
-7.6,-46.5,3
-7.8,-45.3,2
-7.7,-46.7,1
-39.2,-57.8,1
4.6,-57.0,1
5.8,-56.7,1
1.6,-68.0,1
38.8,-179.1,5
0.0,70.2,1
-5.2,29.3,2
30.9,-24.5,1
-32.6,-52.8,1
0.9,-53.8,2
-4.8,31.5,1
1.4,-53.8,1
1.6,-68.1,5
-14.2,-58.0,2
-6.3,91.7,1
-33.3,-55.7,3
-18.3,160.7,1
-18.3,160.8,1
31.7,-49.5,6
17.6,-126.5,11
4.9,-61.7,1
-13.1,130.1,1
2.0,-70.0,1
0.7,-76.4,5
1.4,-68.0,1
-13.7,42.3,1
-4.4,29.1,2
5.2,69.0,2
-2.7,27.9,2
-4.5,-60.0,4
23.9,-93.0,2
0.1,-79.4,1
0.6,-79.2,1
-29.7,-109.1,1
0.8,-76.5,1
0.9,-76.4,4
5.3,27.9,1
-5.9,110.6,1
0.0,-76.0,1
-4.7,91.9,1
-13.3,128.4,1
-21.3,52.8,1
-41.1,-52.7,1
18.8,-99.9,1
-20.1,-64.8,1
-20.3,-64.9,2
-3.7,28.1,1
-5.2,-78.2,1
-14.0,169.6,2
-14.1,169.6,1
2.6,24.6,1
-31.5,-51.7,2
-4.3,29.1,1
-31.4,-51.6,1
1.3,9.7,1
1.3,0.7,1
-5.0,108.8,1
39.7,-178.5,1
4.3,-56.3,1
33.3,-23.7,2
25.2,-91.6,1
3.2,-9.5,1
-15.7,125.9,2
0.5,70.6,4
-34.2,-60.9,2
23.5,-93.2,3
-32.4,-52.6,1
1.5,-3.9,1
-5.4,13.5,1
-3.7,97.1,1
-20.1,-66.4,2
38.8,-179.4,1
38.8,-179.3,3
-24.2,150.3,1
0.8,-75.4,1
-4.5,-77.0,1
-13.6,129.9,2
-4.6,-76.9,1
-28.9,152.8,2
-14.9,129.0,1
-15.0,129.0,2
42.2,-49.6,2
-12.2,-59.0,2
22.2,-123.8,2
-11.7,-60.2,2
-32.3,-53.9,3
34.8,59.9,3
-11.2,-60.5,1
-22.2,-43.3,1
-3.3,-70.9,2
-12.3,-59.0,4
0.9,-69.1,1
-22.5,-65.1,2
-12.8,128.3,2
-0.7,-73.9,2
-13.9,122.3,1
2.9,23.6,10
27.1,-52.7,1
-37.8,-60.5,2
-37.9,-60.8,1
32.7,-23.6,1
-0.9,-68.1,1
1.3,-3.8,1
-13.4,130.0,1
-21.1,-171.3,1
43.4,38.7,1
-13.0,129.0,1
23.2,49.5,1
-13.6,42.3,1
-4.3,145.7,1
3.3,-9.3,1
-39.2,-58.5,1
-4.0,29.3,4
-4.2,145.7,1
-4.4,145.7,2
-32.7,-55.4,2
-32.7,-55.5,1
2.1,-3.4,1
-34.7,-59.9,1
-34.3,-59.9,1
-2.5,-69.8,1
-5.0,-60.3,5
30.2,-51.3,1
3.5,23.7,1
-22.2,-44.1,2
24.0,-93.0,1
-19.2,-65.5,4
5.5,66.8,1
28.8,-52.6,1
28.8,-52.7,1
1.4,-68.2,1
-8.7,111.8,1
2.9,23.8,1
-22.6,-48.8,2
-3.8,-70.7,1
-27.2,28.5,1
-22.0,-44.8,1
6.2,25.6,1
-3.7,-70.8,2
-8.1,150.5,1
35.2,173.1,2
21.1,-101.3,1
17.5,-127.1,1
-21.9,-44.9,1
-30.4,23.9,1
22.7,47.1,1
18.9,-99.8,9
-8.9,34.0,1
-22.6,-65.1,3
-15.0,124.3,1
-25.9,-66.8,1
-4.0,-59.4,1
2.3,1.8,1
-10.7,-57.1,2
-10.8,-57.3,1
-16.0,46.6,1
-37.6,-60.2,1
19.3,-125.8,2
-15.6,47.6,1
-16.9,125.3,1
5.0,-61.5,2
3.7,-10.9,1
-39.2,-60.1,2
-33.5,-56.5,1
-32.9,-54.6,1
-4.4,29.6,1
-1.5,-49.1,1
-1.2,25.4,2
-33.5,-54.2,1
28.0,-54.3,1
-29.9,-109.2,1
25.7,-91.0,1
-6.5,94.8,1
0.5,70.7,1
20.4,41.1,2
-4.1,-70.8,1
-30.7,23.3,3
-10.7,-59.8,1
2.1,-74.7,1
1.4,5.1,1
1.5,5.2,1
-14.4,123.4,5
-39.5,-59.1,1
1.1,64.7,1
1.0,64.7,1
1.0,64.8,1
-12.3,-56.7,1
0.7,-68.3,1
4.7,-10.3,1
-22.1,-43.6,2
-22.2,-43.5,1
-23.6,-44.5,1
-12.1,124.9,2
-23.1,82.1,2
-1.7,-70.5,1
-7.5,-46.2,1
-4.5,29.2,2
2.4,24.5,1
-15.8,125.6,1
-39.6,-57.3,1
38.8,-179.0,4
2.8,24.0,1
31.9,-49.4,2
-12.8,129.1,1
-8.2,-48.7,1
-12.6,129.2,1
26.5,-55.3,1
26.6,-55.2,1
0.4,-76.5,1
-4.9,28.8,2
-5.0,29.0,1
-15.2,-55.5,3
-4.5,31.6,1
0.6,-53.4,1
0.6,-53.5,1
40.5,-179.1,5
0.5,-53.8,1
40.5,-179.3,1
-0.2,129.8,1
-0.2,129.9,1
33.0,48.2,1
33.0,48.1,1
33.1,48.3,1
-4.5,27.3,1
-18.0,-67.8,2
-18.0,-67.7,3
1.1,-4.9,1
18.7,-99.5,1
1.5,-4.1,1
0.8,-53.7,1
-11.2,-57.7,2
-34.1,-55.1,1
-9.8,67.9,1
-9.9,68.0,1
-34.3,-64.2,1
4.5,120.8,2
4.6,120.9,1
-16.6,126.0,1
4.7,-56.4,1
-26.5,-51.2,1
-26.5,-51.3,1
34.9,59.8,1
1.2,-75.7,1
4.6,-56.4,1
-16.2,125.8,1
-0.4,119.2,2
34.9,59.7,1
0.6,-76.5,5
-34.9,-64.3,2
1.2,-3.8,1
-31.4,-51.7,4
-39.3,-57.5,1
15.8,-126.7,1
-14.5,124.2,1
-21.8,-65.7,1
33.1,-23.7,1
-35.5,-63.4,1
-30.9,23.5,1
-33.3,-55.6,1
-33.4,-55.6,1
1.3,-69.8,1
-28.7,-67.8,1
-11.7,127.1,1
-12.1,127.4,1
-19.2,50.9,1
-15.9,125.5,1
19.4,-99.6,1
0.8,5.4,1
-14.7,129.2,4
-16.4,-71.3,1
-4.8,-60.2,1
-4.9,124.7,1
29.4,52.3,2
29.3,52.3,1
29.4,52.4,1
-5.6,29.1,1
-4.5,-79.2,1
-13.6,129.8,1
1.6,-69.8,1
1.8,0.9,1
16.1,-96.2,1
-14.0,122.2,1
3.6,-57.2,1
23.2,45.8,5
23.2,45.9,1
2.8,23.9,1
-18.2,162.1,1
-22.6,-49.1,1
19.9,-102.0,1
32.9,34.7,1
32.8,34.7,2
32.7,34.7,1
-23.8,-53.3,1
-21.9,-65.5,1
-22.3,-65.7,1
32.7,46.4,1
-12.0,128.4,2
-22.4,-65.2,6
-27.7,-52.9,1
-34.3,-60.8,2
-34.3,-60.9,1
-6.4,-82.3,1
0.8,9.2,2
2.8,23.5,1
-22.3,-43.5,1
6.8,25.3,2
-23.0,79.6,1
-23.0,80.2,1
17.3,-126.7,3
20.3,41.1,1
-28.5,-53.9,1
-32.7,-53.1,1
-36.8,-59.5,1
-4.1,-66.4,1
-0.6,-68.2,2
5.8,67.2,1
3.0,-74.0,1
4.8,-61.9,1
-37.7,-58.6,1
5.6,25.0,1
-3.2,-70.9,11
0.7,-69.3,3
-34.2,-60.3,3
0.8,-13.8,1
-15.2,-55.4,1
-12.0,128.5,1
-35.5,-55.5,1
-31.4,-51.9,1
5.9,24.9,1
-23.9,-53.3,1
4.4,110.1,1
4.4,110.2,1
-36.7,-61.5,1
-7.3,29.1,1
-6.3,94.3,1
1.5,25.5,1
26.2,-90.1,1
2.2,24.8,1
17.7,-126.4,1
-12.7,-56.9,1
-12.0,-56.9,1
-22.2,-43.9,3
-4.0,145.0,1
-4.0,145.1,2
32.6,-48.5,2
24.4,-92.4,1
-23.1,-65.2,1
-21.1,-171.4,3
38.5,170.7,1
38.3,170.6,1
-5.2,-60.4,1
-32.4,-53.8,1
24.9,-55.6,1
25.0,-55.5,1
-7.7,-45.4,2
-23.8,-53.2,2
-27.7,-53.4,1
-12.6,-59.1,1
-9.8,39.9,1
-2.4,25.5,1
-7.7,149.9,1
-12.1,128.4,1
-16.0,125.6,1
-7.7,150.1,1
-22.2,-43.7,1
0.3,-76.5,2
-22.1,-43.5,3
-4.7,30.4,2
-36.6,-59.1,1
4.1,166.0,2
5.2,27.1,1
-34.7,-59.7,1
-36.5,-61.6,1
-29.1,-68.3,1
-4.2,107.9,1
-4.3,29.7,1
-4.5,27.4,2
-14.4,123.5,1
-28.7,20.1,1
-4.5,30.6,2
-33.7,-55.4,2
-2.9,-70.5,1
-2.4,-70.3,2
0.7,-69.2,1
-7.2,115.6,1
25.9,-90.7,1
-13.9,124.0,1
-22.3,-65.2,1
-15.9,-56.0,1
0.4,25.6,1
-7.1,36.6,1
-35.9,154.7,5
-15.2,-71.1,2
32.7,48.8,1
-26.9,-48.5,1
-36.7,-59.6,1
1.7,1.1,2
-15.8,125.1,1
3.9,-10.3,1
3.8,-10.1,1
17.2,-126.7,1
0.6,70.7,1
-6.8,116.8,1
-28.4,-106.7,1
15.7,-135.3,1
-4.4,97.0,1
39.9,-178.2,2
-16.7,126.1,1
-28.3,-106.6,2
-28.4,-106.6,1
-24.6,17.3,1
-39.3,-58.1,1
2.8,2.1,1
-4.5,31.5,1
-15.3,-55.9,1
2.4,1.8,1
24.6,-92.3,7
-7.1,115.0,3
-11.0,-57.6,1
-20.9,-66.0,1
-36.5,154.3,1
42.1,-49.5,2
1.5,-69.8,1
-14.4,-57.5,1
-5.4,109.1,4
-27.2,-53.7,1
23.3,47.4,2
-30.3,23.9,1
23.3,47.5,1
-25.5,19.9,2
-2.4,26.3,1
-1.7,25.8,1
-12.0,-65.4,1
-28.8,-67.0,1
-36.8,-59.0,1
2.1,0.9,2
0.9,9.2,2
-0.8,-68.1,1
6.6,25.2,1
19.2,-100.1,1
-1.3,-48.8,1
-3.6,-59.8,1
-15.8,124.8,2
1.6,-69.7,6
20.0,-124.7,1
-14.6,124.2,1
23.4,-104.8,1
32.4,-23.8,1
32.3,-23.9,1
-3.6,-51.1,1
-26.9,-52.3,1
-34.7,-59.8,1
-34.6,-59.8,1
35.2,173.2,1
-34.3,-55.0,1
20.8,-102.8,1
26.5,-152.2,1
-11.7,127.2,2
1.1,-13.6,1
1.7,-68.1,1
3.0,-67.7,1
2.2,24.7,1
-15.0,127.0,1
-15.6,-71.0,1
-34.4,-60.0,1
18.3,-126.4,1
1.0,-68.1,1
-13.1,-57.1,1
-3.1,-71.0,1
26.2,-152.5,1
-2.5,-69.7,1
17.2,-127.0,1
-13.8,123.3,1
1.1,9.2,1
18.5,-99.8,1
-8.9,-61.6,1
-39.3,-57.7,1
2.8,23.7,3
-27.0,-53.0,4
-4.7,108.3,1
0.0,-75.9,1
-5.5,28.9,1
1.1,9.6,1
-14.8,129.2,2
0.5,9.8,1
-24.1,150.5,2
-3.4,-50.8,1
-14.3,123.4,1
32.7,46.5,1
32.9,46.6,1
32.8,46.5,2
-6.5,29.7,1
40.4,177.3,1
-36.7,-60.8,1
1.0,-67.9,1
3.9,-56.5,2
31.9,-49.3,2
-5.5,109.3,1
-5.1,-48.6,3
10.9,-112.0,2
32.5,-23.7,2
31.3,-49.6,5
31.3,-49.4,1
31.4,-49.6,3
31.2,-49.6,1
18.2,-126.4,1
-10.8,123.9,3
18.0,-126.3,1
17.8,-126.3,1
17.8,-126.2,1
17.6,-126.4,2
0.3,70.6,1
1.5,-68.2,1
-4.2,-58.7,2
-4.1,-58.7,2
-4.0,-58.6,1
-12.1,-60.7,1
2.8,23.6,1
42.2,-49.5,2
-13.2,121.2,1
-5.3,96.6,1
-7.9,-48.5,1
-8.0,-48.6,1
-25.9,-52.2,1
-7.6,148.9,1
0.5,25.2,1
17.1,-127.3,1
19.0,-98.3,1
32.5,-48.5,1
-32.2,-67.2,1
-27.2,-52.8,1
-11.3,-60.4,1
15.3,-91.3,2
-9.9,-75.5,1
3.7,23.7,1
19.0,-99.7,1
-38.4,-60.2,1
-24.2,18.2,1
16.8,-97.1,1
-3.2,124.9,1
-12.1,-57.2,1
26.1,-90.0,1
-16.7,125.0,1
5.2,68.9,1
36.4,171.6,1
-11.4,-60.5,1
36.2,171.6,1
0.2,-76.3,1
-3.3,-69.9,1
1.8,-13.4,1
1.7,-13.5,2
-12.1,125.0,1
-16.4,126.0,1
-5.1,29.3,1
23.1,49.1,1
22.8,47.2,1
-10.4,-57.0,1
-22.3,-49.0,1
-10.4,-57.1,1
0.0,25.5,1
-23.6,-51.5,1
24.7,-92.1,1
-29.5,-67.9,1
-29.5,-68.0,1
-27.1,-52.1,1
38.4,-179.2,1
-25.3,23.6,1
1.2,-76.3,1
-24.9,17.9,1
1.2,-68.1,1
0.8,-76.4,2
-1.0,-77.2,1
-12.6,-56.8,1
31.2,-49.7,1
-4.3,-60.0,1
-4.7,-60.6,1
1.7,-75.8,1
-7.0,114.9,1
-5.1,-60.2,3
1.0,5.4,1
-5.0,-71.3,1
-5.0,125.5,1
-39.5,-59.0,1
-20.2,-66.3,1
-8.8,34.1,1
-15.1,129.0,1
-5.7,-60.0,2
31.8,-49.5,2
31.6,-49.4,2
39.6,-178.3,1
-5.0,-76.6,1
-8.1,-48.7,2
22.3,-94.0,3
-24.6,18.5,1
-5.1,29.4,1
19.4,-125.0,1
-10.5,-61.1,1
-12.1,-58.7,1
-15.5,-70.8,2
-13.6,130.1,1
22.9,49.1,1
-4.5,-60.1,1
-4.6,108.2,1
-23.0,-49.3,1
-5.9,94.7,2
17.2,-126.5,1
2.4,24.6,1
-2.6,-69.7,1
0.8,-7.3,1
26.0,-90.7,2
-4.3,-66.5,1
-10.7,123.9,1
-4.2,-66.4,1
37.4,177.0,2
37.4,176.9,1
-36.6,-59.2,1
23.5,45.7,1
-15.8,126.3,1
-20.2,-66.4,1
-0.3,8.8,1
31.7,-49.4,1
-38.0,-60.0,1
-35.8,154.6,1
0.8,-53.8,1
1.0,-53.9,1
-9.1,-49.2,1
13.2,-137.0,1
2.3,24.6,2
2.3,24.5,1
-36.4,-63.0,1
-36.3,-63.0,1
-30.1,-109.3,2
-1.2,-74.1,1
38.9,-179.2,1
-7.9,-48.4,1
1.3,-75.7,4
-30.7,-64.7,1
39.0,-179.0,1
-7.6,29.1,1
-14.7,-71.9,3
-14.7,-72.0,2
-25.5,-52.8,1
-5.3,109.0,1
5.2,-61.6,1
30.6,-50.6,1
-4.6,30.6,1
-4.7,30.3,1
-37.8,-58.6,1
-23.2,-47.8,1
2.3,24.7,1
2.2,-74.7,2
-36.4,-61.1,1
-21.3,-65.8,1
-0.4,-69.3,1
6.4,153.0,4
-30.6,24.2,1
19.9,-125.1,1
-0.3,-76.1,1
-19.2,50.8,1
19.0,-98.4,1
-23.6,-52.5,1
1.9,-67.9,1
18.9,-100.0,1
-12.0,-65.5,1
3.8,-56.3,1
1.2,9.5,1
-32.8,-54.9,3
-4.3,-77.2,1
23.3,45.9,1
-4.3,27.7,1
-35.7,152.7,1
1.4,-76.5,1
-18.4,161.3,1
-4.4,28.6,1
-39.4,-60.0,1
-7.6,149.6,1
23.0,48.1,1
-15.3,-55.6,2
23.1,48.1,2
0.1,70.3,2
-36.1,154.8,1
-22.6,-65.0,1
-33.1,-54.6,1
17.2,-126.6,1
23.0,46.7,1
20.4,-99.5,1
7.5,148.9,1
-13.2,128.5,1
-2.5,-69.9,1
7.5,148.8,2
40.5,-179.0,1
-31.3,-51.8,1
-12.0,-60.1,1
-15.7,125.5,1
-14.8,46.4,1
23.7,48.8,1
23.6,48.8,1
-0.6,-68.3,1
25.4,-91.5,3
25.8,-90.9,1
-16.1,126.7,1
-37.4,-62.1,2
21.0,-124.2,2
5.5,-66.5,1
20.5,41.2,1
-11.5,127.2,1
39.7,-178.1,1
-18.8,126.7,2
-22.3,-42.5,1
-16.0,125.7,1
25.5,-91.2,1
38.8,-178.9,1
0.7,25.6,1
1.6,1.0,1
-1.2,25.3,1
-15.4,-56.0,1
-5.3,109.1,1
-30.5,127.0,1
22.9,49.2,3
22.8,49.2,2
24.7,-92.2,1
43.5,-143.1,1
-28.7,20.2,2
-4.4,29.4,1
2.5,-69.3,1
43.6,-143.5,1
-15.4,-56.1,1
-14.8,123.9,1
-7.5,28.9,1
-12.1,128.5,1
37.6,179.5,1
-30.1,-109.4,1
-13.9,42.5,1
2.6,23.8,1
-14.1,122.8,1
-4.4,27.3,1
-19.3,51.3,1
-34.0,-55.5,1
-4.7,108.5,1
-36.0,-56.5,1
-33.6,-55.4,1
-13.5,121.9,1
29.6,-51.3,1
-21.4,52.8,1
18.1,-99.9,1
-9.9,67.9,2
-8.8,34.3,1
