-24.5,-169.9
-16.1,122.4
-16.2,122.4
-11.5,50.8
-11.9,130.4
25.5,-60.1
25.6,-60.1
25.5,-60.0
25.4,-60.1
-8.7,110.3
-5.4,-70.5
37.9,-63.0
-7.1,-51.7
25.6,-60.0
-37.1,147.9
-12.9,119.9
-8.2,-76.4
-8.3,-76.5
-1.9,-70.3
-3.9,-43.7
-1.7,-70.2
-3.5,-49.8
-23.2,-170.0
-23.2,-170.2
-6.3,-53.2
-23.1,-170.1
-16.4,123.3
-16.3,123.4
-16.3,123.3
-7.9,49.6
-13.1,119.7
29.6,50.5
-23.2,-170.1
-12.4,120.6
-12.4,120.5
-10.0,119.1
-10.0,119.2
1.6,2.8
1.6,2.7
0.9,2.5
-12.3,120.5
1.5,2.8
-1.7,20.0
-4.3,9.9
-4.1,9.8
-4.2,-71.4
-12.3,120.8
-4.5,-71.5
-3.0,-69.8
1.0,2.6
36.2,173.6
-4.3,-71.4
-13.3,128.2
-13.4,128.2
-12.9,128.4
-13.2,128.2
-1.4,20.9
-1.2,21.0
-13.1,119.5
-45.9,-38.9
-4.9,-39.0
-44.0,152.3
-43.9,152.3
-6.8,-53.1
-6.7,-53.1
-6.6,-53.1
-2.5,16.8
43.6,36.9
-32.0,151.7
-26.2,75.3
-37.6,152.6
-37.7,152.7
-16.0,123.0
4.6,110.9
-4.2,9.7
40.7,-147.8
40.6,-147.7
-4.7,-69.3
-4.1,-78.3
-9.4,116.7
29.7,-55.8
-9.3,116.7
-5.3,109.8
-1.9,21.5
-3.5,152.0
30.0,-55.7
30.1,-55.6
-43.6,151.9
29.4,-56.5
-5.0,-77.6
-32.0,151.8
-43.6,151.5
-5.2,-70.9
-3.1,13.4
30.5,-155.4
-13.1,119.8
30.5,-155.3
-9.5,117.5
0.2,17.9
0.0,-7.5
-0.1,-7.4
-7.6,-50.8
-3.8,14.4
-2.6,17.3
-3.4,-70.9
-3.3,-70.9
-3.3,-70.8
-5.2,-75.3
-7.8,-50.8
3.6,63.3
-9.2,-49.1
1.6,-4.8
-37.5,152.5
-37.5,153.0
-8.8,111.3
30.4,-154.1
30.3,-154.1
30.3,-154.2
30.4,-154.2
-4.4,-77.4
-8.3,-50.8
30.5,-153.9
30.6,-153.8
39.6,-61.1
39.7,-61.1
-27.6,-110.8
-2.8,126.2
30.3,-154.4
30.4,-55.6
-24.6,-170.1
-24.5,-170.0
30.8,-23.3
-1.8,-71.8
-32.1,151.8
-1.7,-71.8
30.7,-55.3
-12.4,120.1
0.4,33.9
0.5,34.0
-12.4,120.2
16.9,-98.0
-1.7,-71.7
17.0,-97.9
-12.2,120.0
-1.6,-71.8
17.0,-97.8
-41.7,-42.1
16.9,-97.9
-37.5,152.9
-5.1,-69.5
-5.1,-69.3
-13.0,119.7
5.5,25.8
-5.2,-69.5
5.4,25.7
29.6,-56.0
29.5,-56.0
-1.6,-70.1
16.5,-97.2
16.6,-97.2
29.5,-55.9
-1.5,-70.2
-3.0,-70.0
-0.3,17.2
-32.7,147.4
-13.0,-73.7
37.5,173.7
16.2,-97.9
34.5,-63.0
34.4,-63.0
-39.0,152.5
-16.3,122.4
-37.5,152.8
-7.9,-77.1
-38.0,152.7
30.3,-154.8
30.3,-155.0
30.4,-155.1
-5.0,119.6
-4.8,55.2
16.6,-100.2
30.4,-154.3
1.1,-24.3
-4.5,56.0
-1.9,-15.8
32.8,-59.6
-37.0,148.8
-15.9,123.9
40.2,-60.5
31.3,-23.6
6.4,-11.8
31.3,-23.8
31.0,-23.7
38.0,-65.0
-12.6,120.2
-12.4,120.0
-12.4,119.9
-32.9,148.9
-33.0,148.9
-16.8,-50.9
5.1,-14.2
1.5,3.0
21.6,38.2
-22.5,-170.1
-22.4,-170.1
-13.0,119.9
-9.6,117.5
-46.1,-38.9
-4.7,-55.5
-4.5,-55.5
-11.6,121.0
-4.9,-55.5
-0.3,17.4
-4.6,-55.4
-0.6,17.3
-16.3,122.1
-37.6,152.8
-9.3,116.8
-9.4,116.5
-37.6,152.9
-1.1,-73.1
-5.3,-75.8
-45.7,-38.8
-5.2,-75.8
-45.7,-38.9
-4.6,22.2
-11.5,50.9
-42.2,147.3
-42.1,147.3
-42.1,147.5
25.6,48.4
16.3,-97.9
-8.6,-69.1
-4.1,-71.1
-4.3,-71.1
25.7,48.4
-2.0,-50.9
30.6,-155.2
-7.5,-75.2
1.0,5.4
-45.5,-38.9
-7.0,-75.5
16.7,-96.5
16.4,-96.4
-8.6,-50.6
-8.6,-50.4
0.5,34.4
-8.4,-50.6
-8.4,-69.0
-9.0,-69.1
-8.7,-69.0
30.4,-154.8
0.6,-3.8
0.4,-3.8
0.1,33.3
-32.6,151.6
-44.2,-44.3
-4.5,21.9
-4.6,-43.0
-9.8,50.7
-4.5,22.2
-4.6,-42.9
3.9,62.1
3.9,62.2
-5.2,-75.7
-5.1,109.6
-25.7,78.6
30.4,-153.8
30.6,-55.3
-17.6,-64.7
-4.3,-77.6
-32.6,151.7
-12.4,127.6
-12.5,127.6
2.0,3.2
2.0,3.1
-36.3,18.9
3.6,63.5
-5.1,-77.7
2.1,3.0
-4.9,-77.6
0.6,-4.1
-27.1,-68.1
-8.3,50.1
30.5,51.7
30.4,51.1
30.4,51.2
-27.0,-68.0
0.4,17.6
-25.8,-170.3
-25.8,-170.1
-25.8,-170.2
2.1,3.3
2.3,3.3
2.4,3.3
-12.2,127.6
15.7,-97.5
16.1,-97.9
16.1,-98.0
16.0,-97.9
-3.3,14.1
-3.8,21.5
-8.5,-76.6
16.1,-97.8
-4.0,21.0
-8.5,-76.5
40.2,-60.4
16.2,-97.8
16.2,-98.3
-6.4,-39.4
-38.1,152.6
40.1,-60.5
-23.0,-170.0
-22.9,-170.1
16.7,-97.1
30.9,-157.0
30.4,-154.7
-12.5,120.2
-12.3,120.1
-13.2,119.7
25.6,-60.2
-42.4,147.3
-9.8,34.3
-46.1,-39.0
-0.3,17.3
-2.8,22.1
-7.6,-48.5
-4.6,-55.5
-16.7,-51.0
5.5,-14.6
-30.6,23.9
-32.7,149.1
-4.6,-75.7
-13.3,128.1
-24.6,-169.8
-24.6,-169.9
-24.6,-169.6
-28.4,-69.3
-28.8,-69.4
-45.8,-38.9
-13.2,128.3
-4.8,-69.3
-4.7,112.9
-4.8,-69.1
-4.9,-69.2
29.5,-56.5
30.1,-55.7
-13.9,126.5
-6.1,-79.0
30.5,-55.3
6.3,160.2
29.6,-56.5
30.7,-55.4
29.5,-56.4
30.5,-153.8
-9.1,-49.2
-2.1,-51.0
-39.0,152.4
-2.0,-51.0
-27.2,-68.1
-9.3,-49.2
-27.3,-68.1
-9.0,-49.2
-5.7,107.6
-20.9,56.2
-4.6,-52.0
41.6,-61.9
-4.5,-52.0
-7.3,-52.5
32.8,-59.5
-0.5,17.3
30.2,-154.4
-3.6,-71.4
-6.4,-52.7
-3.5,-71.4
-0.9,24.5
-9.1,-49.4
-9.2,-49.2
-4.5,-77.4
30.3,-154.7
15.2,-98.6
15.4,-98.4
-31.4,152.3
30.4,-154.6
-4.4,-78.3
-36.6,149.2
40.2,161.7
-16.3,123.2
-2.5,16.6
-39.0,152.3
-38.9,152.3
1.6,-4.7
-38.9,152.4
1.5,-4.8
-1.9,-72.1
29.5,-56.7
29.4,-56.7
-32.7,151.7
36.3,161.4
-13.6,128.3
-8.8,108.6
-15.8,123.9
-1.7,-72.3
-1.3,21.2
-6.7,117.3
40.3,-61.0
-0.2,17.1
40.3,-60.8
40.4,-60.9
40.3,-60.9
25.7,-60.0
-13.3,125.9
-5.0,-77.7
29.7,-56.2
30.7,-23.3
37.4,173.6
37.3,173.6
-20.7,-170.1
-6.9,-76.9
-6.9,-76.8
-3.7,20.9
-6.8,-76.9
-7.0,-77.0
-4.0,-52.3
-43.8,152.0
-6.9,-77.0
-1.4,16.4
-36.5,149.3
-6.4,84.0
29.3,-56.7
-43.7,152.1
4.1,-15.2
0.0,-7.4
-43.6,152.2
-0.5,21.6
-1.7,-72.1
29.7,-55.9
-46.2,-40.3
-46.0,-40.4
-42.3,147.6
-32.5,149.0
-0.1,33.8
-11.9,127.4
30.3,-154.0
-8.2,-77.0
-1.4,16.7
30.4,-154.9
30.4,-155.0
-9.2,-49.3
15.9,-97.5
30.5,-154.8
30.3,-154.9
16.0,-97.5
-2.5,17.4
-1.3,21.1
11.0,-116.1
-7.2,-69.0
-16.0,123.8
11.0,-116.0
10.6,-116.2
-24.5,-169.8
2.0,3.0
1.8,3.1
-4.0,10.1
-8.7,-76.4
-5.2,109.4
15.6,-97.5
-4.2,-50.4
-1.9,-72.2
-1.8,-72.3
-37.6,153.0
-4.7,21.9
-2.8,17.6
-26.1,75.4
-6.9,-53.2
-7.6,-53.2
-5.1,-69.2
-5.0,-69.2
-13.0,119.8
-26.2,75.2
40.1,-60.6
-9.0,-49.4
-10.0,-49.5
-10.0,-49.4
-1.9,-71.7
-5.3,-69.2
-6.3,-78.8
-6.4,-78.9
6.3,-12.4
-8.3,-50.3
16.2,-98.1
-16.1,123.0
15.6,-98.0
-16.1,122.9
-24.6,-170.0
-5.1,-75.5
-3.1,-71.7
28.9,50.0
29.0,50.0
-13.1,128.2
-2.0,-50.4
-6.2,-79.0
-26.1,75.3
3.7,63.8
-1.2,-70.2
25.8,-60.1
-7.8,117.5
39.6,-61.2
18.2,90.0
-45.7,-38.7
-4.0,-71.1
39.9,-61.1
-1.1,-70.1
-46.0,-38.9
17.0,-98.2
-37.7,152.8
17.1,-97.9
0.4,-70.2
2.1,-69.6
-4.0,-77.7
-4.2,-77.6
-1.5,20.9
-36.5,149.5
-2.3,22.0
25.8,-59.8
-1.9,14.2
-23.1,-170.0
-2.3,21.9
-32.3,17.6
6.2,-13.3
-17.5,-152.3
-12.2,120.5
-22.5,-170.2
-22.4,-170.0
-4.4,-55.4
26.2,-158.3
26.2,-158.2
26.1,-158.3
-31.5,152.2
-4.4,-55.5
26.4,-158.1
6.3,-11.7
-9.5,117.6
30.4,-154.0
0.7,-73.5
-44.0,152.4
29.6,50.4
16.5,-97.1
16.7,-97.3
-4.7,-52.0
30.0,-56.0
30.1,-56.0
-0.6,17.2
-5.6,-39.2
-8.6,117.2
-3.1,-71.5
-3.2,-70.9
-3.4,-71.0
6.3,-13.1
-37.7,152.6
-37.6,152.5
30.4,-55.7
-27.5,-68.3
-5.4,109.9
-8.0,49.3
-36.2,19.0
-9.1,-49.1
0.1,-7.8
-4.4,-44.4
1.1,5.4
-13.1,119.6
5.5,-14.5
-12.7,127.7
-12.8,127.7
-31.4,152.2
16.1,-97.7
-2.9,-48.2
6.2,-12.9
3.8,64.3
-4.9,-69.3
-4.8,-69.2
15.3,-97.8
-16.3,122.3
-12.2,120.4
-12.3,120.3
30.5,-154.0
-13.0,119.6
-3.8,-52.0
29.0,-156.3
-9.2,116.7
-43.8,152.1
-2.5,17.1
39.5,-61.2
28.9,49.9
1.7,110.2
29.0,49.9
39.5,-61.1
39.6,-60.9
30.7,-154.1
39.4,-61.2
-5.8,-75.8
28.8,49.9
39.8,-148.0
39.7,-148.0
39.9,-148.1
39.7,-147.9
31.1,-23.7
-4.3,-77.5
-4.3,-44.4
-2.8,-71.9
6.0,-13.3
37.6,173.9
37.4,173.8
37.0,173.6
-23.0,-169.9
-32.6,147.4
-6.3,-78.6
-8.6,-50.3
-8.7,-50.3
-9.0,-50.3
-5.0,-69.9
-9.9,-55.6
29.6,-56.4
-6.9,-75.5
5.3,118.5
30.5,-154.1
-46.1,-39.5
29.0,-56.6
29.1,-56.3
5.8,-14.1
-4.5,-55.6
4.2,65.2
4.3,65.2
16.2,-98.0
-3.0,14.2
15.9,-98.0
16.6,-97.1
36.6,157.6
-3.1,14.2
-8.6,31.1
-1.6,16.4
-42.1,147.4
30.3,-154.3
-14.2,128.4
30.5,-154.5
30.5,-154.4
24.4,-61.5
24.6,-61.5
0.3,-69.8
-37.6,153.1
-9.3,-49.4
-1.7,-72.4
-4.4,-44.3
-5.7,-69.4
37.1,162.5
-8.6,-76.6
-1.9,21.6
4.0,62.0
-34.3,151.8
-36.6,149.4
-4.1,10.0
4.8,-14.9
-20.8,-170.4
-20.8,-170.2
-4.0,10.0
4.8,-15.0
-20.8,-170.3
-20.8,-170.1
-4.8,22.1
-20.5,-169.8
38.1,-58.6
-38.2,152.6
-36.4,149.3
-0.7,-70.7
-1.8,-70.3
0.3,34.4
31.0,-54.8
-0.2,-7.5
-6.2,-79.1
-6.1,-79.1
-0.4,-7.6
30.7,-55.2
30.9,-55.2
-26.1,75.2
38.0,-65.3
38.0,-65.5
37.5,-63.7
38.1,-65.3
38.0,-65.4
-36.5,149.4
-1.9,-71.8
-14.9,128.7
6.2,160.1
6.2,160.3
-10.8,22.5
-22.8,47.8
30.2,-154.6
30.2,-154.8
-2.5,17.0
0.5,34.5
16.6,-98.1
30.0,-55.8
15.9,-97.9
-23.1,-169.9
16.1,-98.5
-8.5,-50.3
15.8,-98.5
-7.5,-51.9
-7.3,-52.9
-10.1,119.2
-8.9,-50.0
30.7,-153.6
30.6,-154.0
-5.9,-75.7
-44.0,152.1
-9.6,116.8
-9.4,116.9
4.5,88.4
-5.5,-70.7
-5.4,-70.7
-16.2,123.3
-4.1,-71.2
1.8,110.2
-5.1,-77.6
31.5,50.1
-3.9,-52.5
-4.1,-52.6
36.4,161.4
-0.3,33.3
-7.1,-75.7
-7.0,-75.6
-6.9,-75.6
-5.2,113.8
-1.3,21.0
18.1,89.8
1.8,3.0
1.9,3.1
39.8,-61.0
-6.6,-76.9
-7.0,-76.9
-5.0,-69.5
-1.8,16.6
-5.3,-75.5
-16.2,123.1
-30.6,24.1
38.9,-61.1
39.0,-61.1
-4.2,-77.5
-4.4,-77.6
-4.3,-77.7
-10.1,-68.0
-10.2,-67.8
30.1,-55.9
30.0,-55.9
16.7,-96.4
16.7,-96.3
16.6,-96.6
32.9,-59.5
-3.5,-71.1
-32.7,151.6
-6.2,-78.9
33.1,-63.9
-17.7,121.4
32.9,-63.9
16.7,-97.9
-2.3,-71.3
-8.7,-69.1
-43.8,152.3
16.0,-97.4
-16.1,123.8
16.6,-100.1
-2.7,-71.3
-2.6,-71.3
-8.0,-76.9
-8.1,30.8
-6.3,83.9
-6.4,83.9
-6.4,150.7
-9.2,152.0
2.6,108.5
-32.5,149.1
-13.0,119.2
-3.2,22.0
-1.8,-71.7
-1.9,-50.6
-1.5,-50.9
-43.3,151.7
-3.3,-72.1
-3.4,-72.1
-43.4,151.7
-4.9,-38.6
-5.0,-38.5
-7.6,-48.6
-7.5,-48.6
-7.6,-48.4
30.6,-23.3
30.5,-154.7
-37.6,152.7
25.6,48.5
-37.5,152.7
-9.0,-49.1
-4.5,55.8
-0.8,17.2
-6.5,-52.8
-1.9,22.9
1.6,129.5
29.8,-56.4
-4.8,-77.3
-0.2,56.7
-9.0,-50.2
-9.9,50.7
16.7,-97.2
-6.1,-50.1
-12.1,119.9
-37.5,153.2
-1.5,16.7
-37.6,153.2
-37.6,153.5
-8.7,-50.5
-9.6,117.6
-2.3,21.7
-6.3,-78.7
-38.1,153.9
-1.2,-71.3
-38.1,154.0
-30.3,-106.6
-3.5,20.8
-30.4,-106.7
27.8,-57.9
28.0,-57.9
-25.7,78.1
-9.3,116.4
-25.9,78.2
-4.3,-71.2
-4.9,-69.1
41.5,-61.9
-36.5,149.2
-17.6,-64.2
-16.8,-51.1
-1.5,22.3
-7.6,-75.3
-3.6,-75.2
-0.2,17.2
-5.0,-77.5
30.6,-154.3
-1.2,21.1
30.2,51.4
29.9,51.3
39.8,-61.5
26.0,-158.1
-8.4,-50.3
-4.4,-52.0
30.7,-155.2
-45.3,-39.0
-9.4,116.8
-18.0,-151.9
-45.1,-38.9
-5.1,-38.6
-2.5,-48.2
-46.1,-40.4
-4.1,-77.4
-9.3,-49.1
29.8,-57.2
-0.2,33.4
-7.7,-50.8
33.5,-63.0
-7.7,-50.7
-43.9,152.1
-7.8,-50.7
30.3,-154.6
-22.4,-170.5
5.4,-14.6
4.8,-14.8
5.3,-14.6
-2.7,22.2
30.6,-154.5
5.4,-44.9
5.3,-14.8
-22.3,-170.1
-2.6,17.4
-1.6,20.0
6.3,160.3
-46.1,-38.8
-46.0,-38.8
6.2,160.2
39.5,-61.3
2.0,110.3
-4.7,-55.6
-4.9,-55.6
41.9,-61.9
42.0,-61.9
-16.3,122.2
42.0,-61.8
41.9,-62.0
25.7,-60.1
-32.6,149.2
4.5,-15.2
-32.6,149.3
-20.4,-169.8
-6.9,-53.1
-6.8,-53.0
-2.9,-71.3
36.2,169.4
36.1,169.3
-20.7,-170.2
36.4,169.4
-9.0,-49.3
36.6,169.7
-1.9,-50.9
36.5,169.7
36.6,169.8
-5.7,-39.5
-32.4,148.9
-17.1,121.9
-43.5,151.8
-4.2,-76.9
29.7,50.6
-45.5,-38.8
30.5,-155.5
16.5,-98.1
-46.0,-39.1
-36.6,149.5
-36.2,18.9
-5.0,-70.0
-32.0,151.9
-32.7,148.8
-33.1,148.6
-7.8,-75.7
5.3,166.3
5.3,166.4
4.6,-15.2
-11.2,50.6
-45.3,-39.1
-5.0,22.0
-7.0,-76.8
-38.7,152.7
-38.8,152.7
-17.3,-152.9
-17.3,-153.0
-2.3,17.3
-5.7,-75.8
-5.9,-75.8
-6.0,-75.8
5.6,25.8
-0.4,-7.5
1.6,110.1
-5.0,-68.9
5.5,25.7
-3.6,20.8
-42.3,152.3
16.0,-97.6
16.1,-97.5
15.9,-97.6
1.4,-4.9
-17.7,121.3
-5.3,-39.2
-6.4,116.7
1.5,-4.7
1.6,-4.9
29.7,-56.4
16.6,-97.3
30.5,-154.2
-8.4,-76.7
-2.9,-48.1
40.3,161.7
40.2,161.8
-7.2,-51.0
-46.2,-40.4
16.3,-97.8
-0.7,17.4
5.2,-14.7
-1.2,17.2
-1.6,21.6
-2.6,16.6
-10.1,-67.9
-6.2,-78.8
-43.4,151.6
-14.2,127.9
-5.3,-69.3
-3.5,93.6
-3.4,93.7
-3.4,93.6
-39.1,152.5
-3.5,93.7
34.4,-62.9
-7.0,-51.8
-7.1,-51.8
18.2,89.9
16.4,-119.7
-21.0,-170.4
39.9,-61.6
18.3,90.0
-2.1,16.3
40.2,-60.6
-2.5,16.0
-3.3,-71.3
-2.2,22.3
-6.6,-53.2
13.6,-15.1
13.5,-15.2
11.9,-136.7
13.3,-15.3
-5.4,-75.4
-12.9,119.7
37.1,162.4
-1.4,21.7
-1.7,19.9
-45.4,-38.7
-1.5,19.8
-8.0,-77.1
-1.7,19.8
-1.6,19.7
-1.6,16.5
-23.0,-170.1
-1.9,-50.5
-22.9,-170.0
-36.9,17.8
-5.4,-75.6
-36.6,149.0
-9.8,50.6
33.0,-59.2
33.0,-59.5
-1.5,-71.8
-2.2,-71.5
25.4,-60.0
-8.4,-76.5
-16.2,122.5
6.2,-13.4
-3.0,13.4
-3.5,13.0
-36.9,17.7
0.1,-69.7
-2.8,21.6
3.9,-15.5
16.8,84.8
6.0,-13.4
-2.2,17.0
-1.7,-71.5
-12.5,120.0
-12.5,120.1
-3.0,-72.1
3.6,63.7
31.2,-152.0
31.2,-152.1
29.6,-55.8
35.9,169.8
-2.6,22.3
-5.2,109.6
16.5,-100.1
-5.2,109.7
4.6,-15.3
29.8,50.9
-1.3,16.8
30.6,-154.2
30.6,-155.3
-33.8,149.5
-25.4,77.8
-2.2,21.7
-4.9,-69.5
-4.9,22.0
-17.6,121.4
-17.7,-64.3
-9.3,-49.3
-17.7,-64.2
26.9,-58.4
-4.3,-55.5
-4.8,-55.4
-4.8,-55.6
-7.8,117.6
-12.8,119.9
-1.9,-72.3
-45.2,-38.9
-45.3,-39.2
-4.7,-52.1
-4.3,9.8
-1.2,24.5
-1.2,24.6
-45.3,-36.0
-2.3,-71.6
-2.3,16.8
-45.2,-36.1
-2.6,16.5
-1.6,20.1
39.8,-61.1
29.6,-56.3
-3.7,-49.7
-0.6,25.0
32.5,-64.5
-4.4,-71.3
-14.9,128.8
-1.7,-70.3
-4.1,-71.4
-1.8,-70.4
-1.6,-70.3
25.7,-59.8
25.8,-59.9
1.5,-3.3
26.0,-59.8
25.9,-59.8
-7.9,-75.7
-4.0,-71.0
37.8,-65.4
37.9,-65.2
-5.7,108.1
-6.3,112.6
-45.9,-38.7
38.0,-65.2
3.7,64.1
16.0,-98.0
38.5,-58.2
-7.8,-48.3
-6.4,-52.9
1.5,129.4
-6.4,-39.5
0.0,-7.1
-32.5,149.6
16.3,-97.7
-44.0,152.5
-2.9,20.4
-3.8,-77.1
-11.9,120.6
-5.4,-38.7
-5.7,-38.6
-4.2,-44.4
-8.4,-76.6
-8.5,-76.7
-5.5,-70.3
-5.5,-70.5
-4.1,-44.4
-5.4,-70.4
-8.7,-76.6
-6.0,114.0
0.4,2.8
-17.2,121.9
-16.1,122.3
30.6,-155.4
-7.1,-75.6
-24.6,-170.5
-24.6,-170.4
-7.6,-50.9
25.6,-59.7
25.6,-59.8
25.6,-59.9
-1.8,-50.9
-17.1,-65.7
-17.1,-65.8
-17.1,-65.6
-2.5,-72.1
-4.8,113.5
-5.6,107.8
-5.7,107.5
-0.5,17.2
-3.5,-70.9
-3.2,-71.0
-2.9,-70.8
-3.2,-71.9
30.7,-152.2
30.8,-152.2
-4.5,-77.7
-3.1,-71.9
31.0,-152.0
-37.5,153.1
-15.7,123.9
-1.6,-72.1
-4.9,-70.7
37.9,152.5
-38.3,151.8
-38.0,152.6
-32.8,148.8
-6.2,112.9
-7.9,49.5
-46.4,-42.8
-46.5,-42.8
26.2,-158.4
3.8,64.4
39.8,-61.6
5.4,-14.7
3.8,9.5
-20.7,-170.0
-8.4,49.8
18.2,90.1
29.6,50.6
29.6,50.7
-11.7,127.3
18.1,-100.8
15.2,-98.5
-43.8,151.9
-9.1,159.3
-9.2,159.3
-9.2,159.5
-1.6,-72.3
-1.5,-72.3
-8.1,-77.0
-8.1,-76.9
-7.9,-76.9
1.9,3.0
-8.0,-77.0
-44.2,-44.0
-44.2,-44.1
38.1,-64.9
-4.9,-77.7
-4.8,22.0
-4.8,-77.7
-4.7,-77.5
-12.2,120.7
-12.0,120.5
-12.3,120.7
-43.6,151.6
-9.6,50.5
-45.9,-38.8
4.8,65.7
37.7,-58.6
4.8,65.8
37.6,-150.7
37.5,-150.7
26.3,-158.1
37.5,-150.8
37.0,-152.1
41.8,-61.8
-0.4,-71.9
-45.2,-39.0
-46.0,-40.3
-2.5,15.8
40.1,-60.4
-4.7,-77.6
-0.2,19.4
39.0,178.0
-2.3,22.4
38.9,178.0
39.0,178.1
-7.5,-48.8
-4.6,-77.5
17.0,-98.0
7.0,37.2
-23.9,-66.8
-5.5,-70.6
29.0,-56.4
29.1,-56.5
-9.7,117.6
29.3,-56.4
-9.1,-49.0
-8.0,-69.1
25.0,49.3
-0.6,-7.6
-0.1,-7.3
16.3,-97.2
-8.2,-76.5
15.9,-97.4
-2.0,-50.8
16.7,-100.1
16.8,-100.1
11.9,-136.9
-7.4,-48.9
-7.8,-48.7
11.8,-136.8
-1.7,-71.6
-9.7,-55.6
-4.1,10.1
3.6,-15.7
-8.9,-49.3
30.7,-23.1
30.5,-23.1
-4.7,-77.7
-25.4,77.7
30.4,-155.4
30.7,-154.9
-11.5,118.8
-1.0,17.3
-4.5,-69.1
-2.2,16.1
-45.4,-38.8
-8.8,-76.4
-8.7,-76.5
-11.1,50.6
41.0,177.1
41.0,176.8
16.3,-98.0
-43.7,151.8
-14.2,128.0
-6.2,48.9
-45.1,-39.3
37.3,173.5
-13.2,128.1
-32.6,151.5
-32.3,149.6
-33.9,149.4
38.4,-58.2
-32.9,147.4
33.6,-63.0
6.2,-12.6
-9.1,-49.3
-7.4,-52.5
10.1,-11.1
25.8,-60.0
25.5,-59.9
-1.3,-72.3
-5.8,-39.8
29.7,-56.5
-4.6,-55.6
-17.5,121.5
-16.7,-51.1
16.5,-119.7
-1.7,-72.2
-13.8,127.8
-41.9,-42.0
-2.2,21.6
-37.2,147.9
-3.5,-52.8
-11.8,120.7
30.0,51.4
-8.6,-76.5
-8.6,-76.7
15.7,-97.7
-2.6,22.2
-13.5,128.2
-13.5,128.1
-15.8,124.0
-13.4,128.1
-27.1,18.4
30.1,-55.8
-10.0,119.0
0.5,-74.7
-7.4,-75.2
15.8,-97.5
16.1,-98.1
-3.4,-71.1
-42.0,147.4
-14.0,128.6
-27.5,-68.4
36.8,169.8
-32.7,148.9
-33.0,149.0
-6.0,49.4
-7.0,-75.7
-1.7,-50.9
-2.0,-50.5
-2.1,-50.6
41.5,-62.0
-8.1,-50.7
-6.2,-39.9
-7.0,-51.9
-6.6,-51.8
-16.4,122.1
30.6,-154.4
-7.7,-50.2
-8.5,-50.7
30.4,-153.7
-0.8,24.4
30.5,-153.7
-9.2,-49.4
29.6,-55.9
-5.0,-69.1
-5.2,-71.1
-43.9,151.9
-3.5,-43.9
-2.7,-71.5
-3.5,-44.0
0.4,-7.8
3.0,108.3
3.0,108.4
2.9,108.4
1.8,7.5
1.8,7.3
-9.9,-67.9
-1.9,-71.6
-43.7,151.9
-2.0,-71.7
-1.8,-72.2
-1.8,-72.1
-46.1,-40.1
-10.2,-67.9
1.7,-4.9
-9.7,-68.2
-27.1,-68.2
38.0,153.9
26.1,-158.2
26.1,-158.4
38.1,154.1
-46.3,-39.6
30.4,-154.4
16.6,-100.0
16.6,-99.9
-17.5,-152.4
-17.3,-152.6
1.5,-14.6
0.7,-15.0
36.3,169.5
36.3,169.6
-41.7,-42.0
-6.7,-76.9
-2.8,-48.1
-7.5,149.1
-2.4,-72.1
-2.8,-47.9
4.5,65.9
30.1,-155.4
-30.8,24.0
38.9,-59.2
-2.2,22.2
2.0,-5.0
-30.7,24.1
-39.1,152.4
0.0,-70.1
0.7,-70.1
38.9,-61.0
0.3,-70.1
0.5,-70.2
-10.2,-55.7
15.7,-97.9
16.4,-97.9
29.7,50.7
-2.8,21.8
38.1,-65.2
3.8,161.5
4.3,65.7
4.3,65.6
-2.8,22.0
5.7,-14.3
-4.4,-55.6
-4.8,-55.5
-46.4,-42.7
-37.0,148.7
-5.6,108.2
0.0,-7.3
-2.7,-8.1
-3.2,21.0
2.0,110.2
-17.4,-153.1
-8.7,111.9
5.3,-14.7
-12.2,120.6
29.9,-55.7
-17.4,-153.2
0.1,-7.3
-45.8,-38.7
-45.7,-38.6
39.9,-61.5
-0.5,17.4
16.6,-96.5
-22.5,-170.0
0.0,33.7
6.2,-12.4
-13.2,128.6
-7.2,-77.4
-9.8,-77.1
-7.2,-77.5
-13.1,119.9
4.7,-14.9
-12.3,141.9
-4.5,-77.6
4.8,-15.1
-9.2,-49.6
-11.3,123.0
-38.2,152.7
38.2,-58.6
30.6,-153.7
3.8,109.3
3.9,109.3
-4.8,21.4
-4.6,-52.1
-4.2,-52.0
-4.5,-52.1
-0.6,-71.4
-2.1,21.5
32.0,-151.6
-13.4,128.3
0.4,33.7
-4.1,-77.2
15.2,-98.7
-6.2,-78.7
-16.5,122.5
-6.2,114.2
-6.4,-78.8
-6.6,-78.8
25.8,-59.7
-33.9,149.3
-10.3,120.1
29.8,50.7
-5.9,107.0
-1.8,-50.5
-17.1,122.0
15.8,-97.7
-5.2,-75.4
-23.1,-170.2
-6.5,-52.7
-6.4,-52.8
-11.7,127.4
-8.0,-52.5
-2.4,-71.4
-2.5,14.0
-4.4,-71.2
-13.3,128.3
-6.5,-70.9
-6.2,-70.8
-10.1,-55.4
-6.5,-75.7
-6.4,-75.7
-13.2,119.8
-1.5,16.6
-10.4,-49.8
-5.4,-70.8
-3.5,-71.2
16.5,-100.0
-5.2,-70.8
-5.3,-75.6
-4.7,-43.0
-32.9,149.0
-32.8,148.9
-8.3,-50.5
-11.2,50.7
-8.8,-69.1
-4.6,-70.9
-1.4,13.4
-27.1,18.3
-1.6,16.6
-1.7,16.4
-38.7,152.6
-38.8,152.8
-46.4,-42.9
30.1,-154.6
32.5,32.1
32.6,32.2
-46.3,-40.2
-6.1,-78.8
-31.5,152.3
16.5,-97.0
17.0,-97.0
-1.6,16.8
-1.7,17.1
-0.3,-7.5
37.1,162.6
-0.6,24.9
30.1,-154.5
16.6,-98.2
16.7,-98.2
-8.8,-69.2
1.2,5.3
-5.3,-39.0
-16.2,122.2
-8.9,-50.4
-1.4,-71.3
-2.8,13.5
-2.2,16.2
-15.9,123.8
-6.3,-79.0
-15.9,124.0
-38.3,152.6
-4.5,-44.3
-17.5,121.4
29.1,50.1
29.8,-55.9
34.5,-62.9
-4.4,-77.7
-12.4,120.3
-12.3,120.4
30.4,-153.9
-46.0,-38.7
-2.3,16.5
-14.0,128.5
31.0,-152.1
30.8,-152.1
-31.1,25.5
3.7,9.6
30.2,-154.2
-2.1,-72.2
29.7,50.8
0.8,-72.9
2.9,108.2
-4.8,-69.4
-1.8,-70.2
-12.8,128.1
25.7,-59.9
4.2,65.5
35.8,-146.1
-5.0,109.7
-43.9,152.2
35.7,-145.9
-6.8,-76.8
-2.8,13.3
1.8,110.1
-2.9,-71.0
30.0,50.9
7.8,-118.0
7.9,-117.9
-14.3,128.1
-14.4,128.1
-3.1,13.1
29.7,-56.0
-2.6,15.8
-36.1,18.9
-7.1,-76.9
-32.4,149.1
-45.2,-38.8
-33.0,150.2
-30.9,25.6
-7.0,-51.7
-2.0,13.7
-0.4,-72.2
-14.3,128.5
8.5,-124.5
4.0,62.9
4.0,63.0
-4.6,21.9
16.5,-99.9
-26.3,75.3
24.4,-61.3
24.4,-61.4
-27.5,-67.8
24.5,-61.3
-8.4,-50.4
-12.3,141.8
-30.4,-106.5
-30.5,-106.5
-30.4,-106.4
-30.3,-106.5
6.4,-111.5
-0.2,17.3
-4.3,-69.4
-4.7,-69.2
6.2,-13.5
17.1,-97.8
-10.2,50.7
31.5,-152.6
31.4,-152.1
15.9,-97.8
30.9,-156.2
-9.5,-49.3
31.3,-152.0
31.3,-152.2
-1.2,-70.3
30.9,-23.4
-6.4,-53.0
16.1,-97.4
-5.1,-71.3
-32.3,17.7
-24.7,-169.8
-0.8,-51.0
-37.5,152.3
16.6,-98.0
-1.3,20.9
4.7,-15.0
4.9,-14.9
-5.7,108.2
-4.1,9.6
1.5,-4.9
6.3,-13.3
-14.1,128.5
-3.4,152.0
-1.4,20.3
-3.4,-52.8
-2.2,22.1
-3.4,-52.6
-41.0,153.0
-6.4,150.6
-7.3,-77.5
-7.0,-51.1
2.9,-6.5
0.6,-7.2
1.1,-4.8
1.1,-4.7
1.4,-4.6
-5.2,-38.5
29.5,-56.6
-7.1,-76.8
-7.1,-77.0
-4.4,-77.3
-37.4,153.1
30.3,-155.1
-46.3,-41.3
-6.4,-75.4
-23.2,-169.9
15.8,-98.1
15.8,-98.2
0.0,-7.5
30.6,-154.9
-2.5,17.3
31.8,-24.7
-13.2,128.5
5.2,-14.3
-14.8,128.8
16.7,-98.3
3.8,64.1
1.2,-14.1
-45.1,-36.0
-16.2,123.4
-3.2,-71.3
-3.0,-71.3
-3.4,-70.8
-2.8,-72.0
-1.7,20.6
-33.4,149.9
5.5,25.6
-20.9,-170.3
-2.9,22.1
-7.8,-48.4
-7.3,-76.7
-9.5,-49.4
40.3,-60.4
16.9,-97.8
-36.6,149.3
-4.7,-55.4
1.9,7.4
-4.1,-55.5
-36.7,-137.8
-37.7,152.9
-0.7,17.2
-5.2,-39.1
-36.9,17.9
-10.1,-55.2
3.8,-15.4
30.1,51.2
36.2,-151.6
38.2,-65.0
38.1,-65.0
-4.9,-38.7
-6.0,49.2
-2.8,20.3
-13.8,127.7
-8.9,-50.3
-9.0,-50.4
6.3,-12.3
-44.1,152.5
-43.9,152.5
39.1,-61.1
40.3,-60.5
-6.5,150.4
-7.5,-76.2
-2.5,17.2
-0.9,17.2
-8.7,-51.1
-8.7,-50.9
-42.4,147.4
-45.6,-38.7
-2.9,-71.1
-4.0,9.8
-2.9,-71.2
3.8,161.4
26.3,-158.2
-4.3,-52.0
36.3,169.9
36.3,169.4
36.2,169.5
-4.6,-51.9
-4.9,-52.1
-3.1,-53.2
40.1,-61.5
25.5,-59.8
26.0,-60.4
25.4,-59.7
25.5,-59.6
29.5,-55.8
-3.4,-71.2
6.1,-13.4
-1.9,16.4
37.5,173.8
37.3,173.8
-8.9,-69.1
37.5,173.9
-15.7,124.0
-13.1,-73.7
-6.7,-53.2
40.0,-148.0
40.0,-147.6
39.9,-148.0
29.1,-56.4
-2.5,14.2
-3.1,13.8
1.8,-4.8
33.5,-62.9
-24.7,-170.1
37.8,-58.5
38.2,153.4
-3.4,-52.7
-3.1,-52.7
3.9,64.4
-0.6,-72.4
34.3,-59.1
-1.6,-71.7
10.7,-116.1
23.7,50.1
-1.7,13.5
-9.0,111.3
-3.8,-48.2
-9.6,-55.7
6.1,-13.1
-25.5,-170.6
-25.5,-170.5
-17.4,121.6
-32.2,149.6
-2.0,-72.2
-7.3,-50.8
-7.5,-50.9
-7.4,-50.9
-1.0,-71.3
-1.1,-71.4
-46.0,-38.5
-31.4,152.1
-26.2,75.1
-5.5,-75.4
3.7,63.4
41.8,-61.7
-7.1,-48.3
41.9,-61.8
16.4,-99.9
16.9,-99.9
-37.1,148.9
0.7,-13.2
-13.0,125.9
37.6,-150.8
-11.8,132.2
-5.4,-71.4
37.6,-150.4
30.5,-153.6
30.6,-153.6
16.6,84.2
-0.6,-72.3
30.2,-154.3
-43.5,151.7
30.0,-55.6
-8.0,139.6
-7.7,139.8
-43.6,151.8
-4.9,112.3
-4.8,112.5
-5.3,-75.7
-7.8,139.8
30.8,-55.3
-4.9,-77.5
-4.8,-77.6
-6.8,-53.4
-6.0,-53.2
-6.8,-53.2
31.4,-151.9
-12.1,124.3
32.9,164.4
34.4,162.3
0.9,1.7
-6.1,-77.0
1.2,-14.0
-7.0,-77.1
15.7,-97.6
4.6,-15.1
-3.3,-71.0
36.3,-151.6
29.7,-56.3
-13.3,126.0
40.0,-60.8
-2.9,-48.0
-42.4,147.5
0.4,-70.1
37.4,173.7
6.3,-13.0
6.2,-13.1
-30.4,-106.6
-13.9,127.8
6.4,-111.6
-7.4,-77.6
3.0,108.5
-2.0,-72.3
15.4,-120.9
16.3,-97.6
15.9,-97.7
30.4,-155.3
-32.8,149.0
16.1,-97.6
38.3,-58.2
-13.2,127.8
-5.0,-77.4
33.8,167.4
-2.7,22.3
1.0,-4.6
-5.4,-38.9
1.1,-4.6
-7.1,-48.6
38.2,-58.5
25.4,-60.3
-2.7,73.9
-8.6,-68.9
-45.1,-39.2
-45.0,-39.1
30.6,-153.9
-25.8,78.6
7.9,-117.8
-13.1,119.4
4.2,65.6
-1.9,-50.8
4.3,65.5
-1.4,22.4
-4.9,22.1
-7.7,-52.6
-4.3,22.7
-7.4,-52.4
-7.4,-52.6
29.5,-57.2
-43.4,151.8
-8.6,111.9
-9.9,50.6
-43.5,151.9
-4.3,9.7
4.9,-15.1
31.1,-23.8
-2.8,21.9
-8.7,111.4
-6.1,-75.7
15.7,-120.6
1.9,7.3
-5.1,-71.2
15.6,-97.9
-27.6,-67.7
30.9,-23.3
-6.4,-75.6
-12.3,120.2
-5.7,-39.6
-9.2,117.0
-5.8,-39.7
3.8,63.3
-4.5,-44.4
16.8,-100.0
-5.9,107.1
40.2,161.9
-3.0,-71.2
29.3,50.2
-2.7,21.5
1.2,5.4
-11.7,127.5
-4.4,-69.2
15.9,-98.1
-3.5,-52.7
-4.3,-71.5
30.1,-151.7
-43.7,152.0
-10.3,119.5
-46.1,-40.0
-46.2,-40.2
-5.1,-75.3
16.5,-119.8
-6.6,113.7
-4.3,-78.3
-2.6,14.1
31.7,-24.7
29.5,-56.8
29.4,-56.6
29.7,-56.7
-8.7,-49.2
-30.7,26.6
-6.6,-53.0
-5.4,-75.3
-5.8,-75.2
-10.3,67.4
-31.4,24.2
5.4,-14.8
2.1,3.1
-3.8,15.8
-4.8,-52.0
30.6,-155.1
-44.0,152.2
3.7,64.0
-11.1,122.1
38.7,178.1
1.1,5.3
-8.9,111.2
-8.9,111.3
1.1,-14.2
16.8,-97.9
-13.1,128.4
30.2,-154.7
-10.1,-55.6
-4.7,-77.3
-1.8,16.4
-5.1,-70.2
-5.2,-70.2
-45.6,-38.5
6.1,-13.5
30.4,51.4
30.6,51.5
-4.2,-77.7
-17.9,-152.3
-8.7,112.0
-2.0,-50.6
-0.3,-70.0
-3.1,-71.3
3.9,63.0
2.3,4.7
15.3,-120.8
2.2,4.7
-14.1,128.6
-32.8,149.2
16.5,-98.2
-7.4,-48.8
-31.3,152.2
40.8,-147.8
40.8,-147.7
40.9,-147.7
40.9,-147.6
41.0,-147.7
6.2,-13.2
-3.6,-70.9
-12.5,120.3
-43.6,151.0
-4.6,118.2
-45.4,-38.6
-43.5,151.0
-43.5,150.8
0.8,-4.7
-6.5,-53.2
-11.7,132.4
-11.8,132.3
30.2,-154.5
30.6,-154.6
-45.6,-38.3
-6.2,117.4
29.7,50.5
-2.7,-71.4
-5.4,-69.3
-14.5,118.8
-2.6,145.7
-2.6,145.8
-12.9,120.1
-6.3,-52.9
-7.2,-50.8
-42.3,152.2
-6.4,150.5
-9.9,119.2
-9.9,119.3
3.4,-15.4
-2.0,13.6
-6.0,49.3
-1.1,-71.3
-2.3,21.6
-9.0,-50.9
27.3,-58.4
-6.8,-54.9
40.0,-61.5
-0.6,17.1
32.4,50.1
-24.6,-170.6
-5.6,-75.2
-5.2,-75.9
41.9,157.1
-36.1,18.8
37.3,174.3
-27.6,-67.8
-2.4,-71.2
3.2,9.9
-6.3,-39.5
-4.6,21.5
-2.4,-72.3
36.2,-151.5
36.3,-151.5
-5.8,107.7
15.6,-120.6
15.6,-120.7
-22.4,-170.2
-22.3,-170.2
29.0,50.1
37.3,-58.9
37.5,-58.9
38.8,178.1
-1.5,20.2
-4.3,-77.4
25.9,-60.0
25.9,-59.9
32.8,-59.4
-30.4,152.4
-7.1,-52.5
32.9,-59.4
-4.0,22.4
7.0,-108.9
-16.2,122.6
-1.5,-69.9
-3.9,9.9
-25.4,-170.5
-25.4,-170.4
-8.8,-49.3
26.3,-157.9
-4.8,-55.7
26.2,-157.9
16.5,-98.3
-6.5,-52.9
-7.1,-75.4
-27.0,-67.9
-27.2,-67.9
-27.2,-68.0
-24.7,-170.0
-2.9,-70.9
-0.9,24.8
16.8,-97.3
16.6,-97.0
39.1,-61.0
-1.9,-51.1
-1.4,-51.2
-0.7,-51.1
-6.2,113.0
-25.5,-170.4
-25.5,-170.3
-37.5,152.6
-14.4,128.7
-45.1,-39.1
-6.7,-75.6
38.1,-64.8
-0.9,21.4
6.5,-111.6
-3.7,20.8
-4.4,22.1
-44.1,152.4
40.2,174.5
40.0,174.4
-1.5,-72.4
-12.2,141.9
40.0,-61.4
30.3,-154.5
15.7,-120.7
-24.7,-51.0
-4.9,-75.8
16.2,-97.7
-8.0,-50.2
-1.0,24.4
-1.0,24.5
-5.2,109.3
-5.3,109.4
-3.2,-72.3
-3.0,-71.1
-0.4,17.3
-5.0,-71.0
27.2,-58.3
-12.2,120.8
-6.7,51.7
33.8,-64.3
33.9,-64.3
33.9,-64.4
-1.7,16.9
-8.9,-49.8
0.9,-14.1
1.0,-4.7
25.2,49.4
-45.9,-38.6
-8.0,49.4
-3.2,-48.2
-4.6,-77.6
-43.6,152.0
-5.0,-77.8
-4.4,55.8
-11.2,50.5
-8.7,-69.2
-32.5,149.7
-6.1,-53.1
-7.0,-53.2
2.0,7.6
-6.0,-53.1
36.3,161.5
-8.3,-50.4
36.3,161.6
40.0,-148.1
-6.5,150.5
41.6,-61.8
40.1,-148.0
38.2,-58.7
39.9,-147.8
39.9,-147.9
39.8,-147.9
39.9,-147.7
39.8,-148.2
15.8,-98.0
-1.5,20.3
-15.0,46.1
-3.0,16.7
1.8,3.2
-42.3,-43.0
1.6,-14.7
37.1,162.9
-5.1,-69.4
-14.1,127.8
-1.3,-71.3
-0.3,-71.9
-7.6,-75.2
-7.5,-75.3
-10.1,-67.8
-46.2,-39.5
-1.7,20.1
29.2,-56.3
-17.6,-152.4
15.8,-97.6
15.2,-97.7
-8.1,49.8
31.5,-152.0
40.3,-60.6
-6.3,150.8
-0.7,-72.3
-7.2,-51.1
-16.2,122.7
-14.8,128.2
-2.6,145.6
-4.1,21.2
-24.7,-169.9
-38.8,153.0
-8.2,-70.1
-2.3,-72.0
-4.1,-44.5
-3.9,-44.5
-3.9,-44.6
-46.0,-40.0
39.7,-61.0
39.8,161.2
-4.2,-55.6
4.5,-15.3
4.5,-15.1
-37.6,153.3
16.3,-100.0
16.8,-99.7
-38.2,152.5
30.0,-55.5
30.1,-55.5
3.7,9.7
-4.6,-52.4
40.3,161.6
-45.9,-38.5
40.4,161.9
-3.7,22.1
-0.7,22.5
-20.9,-170.4
-1.5,-72.1
6.5,-111.7
-1.6,-72.4
-1.9,-72.4
27.4,-58.3
38.4,-58.4
-5.7,-75.7
-5.4,-75.7
37.1,162.7
-32.2,149.2
-32.4,149.5
-32.3,149.2
-7.7,156.9
-32.4,149.2
36.3,169.7
-5.1,-77.8
-4.7,113.2
29.2,50.1
-5.3,-39.1
-5.4,-39.1
-6.3,-52.7
-4.8,-69.5
30.4,-154.5
-6.6,-50.6
-6.2,-78.6
-13.2,126.1
-13.4,126.0
-4.7,21.0
16.0,-97.8
-4.3,-70.9
37.5,-58.2
32.1,-25.1
-25.8,78.2
-8.8,-49.2
-25.9,78.1
-45.5,-38.7
-17.2,122.0
1.2,-13.6
-3.5,-71.3
18.2,90.2
-2.9,145.1
15.6,-98.2
15.7,-98.2
-43.7,151.7
4.9,-15.0
-5.9,-75.9
-18.0,-152.3
37.5,174.2
37.9,174.2
-5.8,-76.0
-12.1,127.8
-3.5,-71.0
29.7,51.7
29.9,51.5
-14.0,127.8
30.5,-154.3
-39.1,152.3
-39.1,152.6
-31.3,152.3
-6.2,113.1
-36.2,19.1
4.0,109.4
3.9,109.2
-1.3,20.8
-4.6,-77.7
-46.4,-42.6
-1.6,13.6
-1.7,13.6
-1.4,13.6
-0.7,17.3
38.2,-64.9
33.8,167.3
33.7,167.2
37.7,-150.8
-32.7,151.8
-2.7,-49.6
37.7,-150.7
-12.2,141.8
37.8,-150.6
-2.5,-49.6
-2.7,14.3
1.0,5.1
-14.3,128.6
1.0,2.0
0.9,-3.6
-6.4,-53.1
-1.7,17.0
-8.4,-50.7
-8.5,-50.6
-1.5,-71.7
-4.2,-78.3
-27.5,-67.7
30.1,51.0
30.2,51.0
-46.0,-40.1
-0.8,13.9
6.1,-13.3
-3.2,-48.5
-1.6,-57.2
-12.7,124.8
-12.6,124.8
4.2,-15.2
5.2,-16.4
-45.0,-39.6
5.1,-16.5
-8.4,-76.3
-9.8,115.8
-7.4,-71.9
-7.2,-71.9
-4.0,9.7
25.7,-59.7
-9.3,-69.8
-7.9,49.4
6.3,-11.8
-5.2,-70.1
-44.1,152.6
31.8,-60.7
-14.1,127.9
4.0,62.8
3.9,62.9
37.1,-61.3
-9.9,119.1
-7.3,-69.3
-10.0,119.3
39.3,160.7
40.1,161.7
-1.9,21.4
-5.2,-75.5
30.4,-153.5
1.7,110.3
-45.6,-38.6
-0.3,17.1
29.2,-56.4
6.3,-13.2
5.6,-13.9
0.1,17.4
29.5,-56.3
1.1,-5.2
1.9,-5.0
-1.3,-70.3
3.8,64.5
16.4,-97.8
1.9,110.1
-32.4,149.6
-32.4,149.7
15.7,-120.8
-7.9,-50.7
-30.7,23.7
-6.3,150.6
-4.5,-44.5
-1.2,20.9
-25.8,-169.9
32.7,-59.4
33.0,-59.4
15.8,-97.9
-5.1,-71.5
-1.3,21.5
-5.6,-75.8
-4.9,-75.6
-26.8,19.6
-12.8,119.8
-11.8,120.2
-12.9,119.6
6.4,-13.0
29.7,-57.1
30.2,-55.6
-1.4,21.0
-38.1,152.5
-37.9,152.8
-1.4,20.1
4.9,25.5
-42.4,147.6
41.8,157.1
-2.4,-71.5
-1.5,16.9
6.3,160.0
-9.6,50.2
6.3,160.1
-10.1,119.1
4.7,-15.1
41.7,-61.9
-9.5,-67.7
41.7,-61.8
-4.1,9.7
16.4,-97.4
-45.3,-38.9
-9.3,-49.5
37.9,-65.1
37.8,-65.1
3.1,108.6
-17.6,-152.5
-18.0,-152.7
-17.6,-152.3
6.5,-13.9
34.2,-59.1
-4.4,-78.4
29.6,-57.2
-26.8,18.5
-3.1,13.3
-12.7,121.0
-12.6,121.0
40.0,-60.9
2.3,4.8
2.2,4.8
-12.4,120.4
5.3,-13.7
-24.5,-169.7
3.6,9.7
3.4,9.6
31.2,-23.0
-24.6,-169.7
-2.4,16.5
-6.3,-75.7
-1.8,-72.4
30.5,-154.6
-14.7,128.7
3.9,9.7
-30.5,24.0
39.2,-61.0
39.0,-60.9
3.8,62.1
-6.1,113.0
39.2,-61.1
-1.8,-51.0
-5.1,-38.7
-2.6,-71.5
5.7,118.5
-7.5,-76.1
-45.8,-38.6
-13.8,119.1
-17.0,122.0
-5.1,-69.8
0.6,34.3
-8.8,-49.4
41.1,177.0
41.1,176.9
41.0,177.0
1.6,-14.6
-45.1,-35.7
-1.6,21.7
-17.7,-152.3
-17.9,-152.4
-18.0,-152.5
-18.1,-152.7
-17.9,-152.0
-17.8,-152.2
-1.7,16.5
-3.1,-71.1
-3.1,-71.2
-5.9,-39.4
-5.8,-39.5
-9.2,113.5
-11.0,50.7
1.4,2.5
-8.0,-76.4
2.5,2.7
30.9,-152.0
5.6,-14.7
5.5,-14.7
0.9,-14.2
-8.6,-69.0
-8.5,-69.0
-8.5,-68.8
-37.4,152.6
37.6,174.0
37.6,174.1
-2.2,22.4
16.2,-97.6
-1.0,-71.4
-4.4,-52.1
-16.3,122.0
-4.1,-77.6
38.1,153.3
25.6,49.5
32.3,50.0
-32.8,151.2
30.6,-155.6
0.8,-74.5
-5.3,107.3
4.7,110.7
-5.8,107.3
-2.5,-48.0
34.4,-59.1
4.6,-15.6
16.3,-119.8
16.4,-119.8
0.5,33.8
-1.6,-70.0
-7.1,-77.4
-8.8,111.4
-1.3,21.4
-2.2,21.5
6.3,-12.9
-37.2,148.2
-4.9,21.2
-4.9,21.3
-1.2,-71.2
40.4,-60.3
-7.2,-75.6
-6.6,150.4
-4.4,55.9
-5.1,-75.2
30.2,-55.7
-5.8,-39.9
-45.2,-38.4
-7.4,-48.6
-43.4,152.0
-7.5,-48.5
37.2,161.1
37.3,161.1
-10.2,-55.4
-12.9,128.0
-22.2,-170.1
1.2,-14.2
39.9,-60.9
-5.5,-75.7
-3.5,14.0
-10.1,116.9
-10.2,116.9
-7.8,156.9
29.3,-56.5
16.5,-97.6
-5.7,115.0
-5.6,115.2
-9.5,50.3
30.8,-155.1
26.2,-158.0
0.3,34.1
26.3,-157.8
-9.8,115.9
-5.2,-77.8
-4.5,-77.5
-45.8,-38.4
-2.9,-72.1
-3.0,-72.4
-9.7,115.9
-44.2,152.5
-8.8,108.7
-44.2,152.6
-6.7,-50.7
-6.6,-50.7
-44.3,152.7
-2.8,145.4
-11.6,121.1
-11.6,121.2
-9.4,111.7
-5.1,-38.8
-13.1,126.0
-5.2,-38.7
-2.9,22.2
-4.9,-69.4
0.4,34.5
-17.8,-152.4
22.8,47.8
-17.8,-152.6
-1.3,13.8
-4.6,-69.3
-8.3,-76.6
30.6,-153.5
-4.7,-69.4
30.1,51.1
6.2,-14.1
1.3,-4.6
-2.0,16.9
-46.4,-42.5
-7.7,-48.4
-4.1,-76.9
30.9,-55.3
-45.7,-38.4
-45.7,-38.5
-36.2,19.2
0.5,-4.6
29.9,-55.9
0.8,-4.4
-46.1,-38.7
15.4,-120.8
-27.4,-67.9
29.4,-57.3
29.5,-57.3
-2.6,17.0
40.1,161.8
-12.1,120.4
0.9,2.0
0.6,1.8
-4.7,113.0
1.1,2.2
1.0,1.9
3.9,9.6
-44.4,152.9
-0.2,17.0
-11.1,50.5
-6.3,-75.8
-3.7,15.7
10.2,-112.3
10.4,-112.1
-3.1,-70.9
-2.7,-70.9
-3.2,-70.8
42.1,175.7
40.1,-60.9
-29.8,24.1
15.8,-120.7
-1.5,16.8
-12.5,119.9
-12.6,119.9
39.5,-60.8
33.7,-65.0
-13.2,128.4
5.3,-14.1
1.4,-14.7
17.1,-98.0
37.6,174.3
-32.6,147.6
-8.3,-50.6
5.9,-12.8
5.9,-13.4
-1.6,-50.9
-1.7,-51.0
-22.3,-170.3
32.3,-54.3
28.4,50.8
28.3,50.9
-16.7,-50.9
-42.5,147.5
29.2,-56.5
-4.7,118.1
-2.6,55.3
-4.0,-52.6
-3.9,-52.7
40.4,-60.5
-4.0,-52.8
-4.0,-52.7
40.4,-60.4
-4.6,56.1
-7.4,-75.1
6.3,-11.9
-7.4,-75.3
30.1,-154.8
-5.0,113.9
-9.4,-49.4
-43.6,151.7
-13.9,128.0
36.3,-151.7
-2.3,16.6
6.0,-13.2
-0.4,-70.6
-0.6,-69.9
30.2,-155.4
-5.7,108.0
0.8,-4.3
-1.4,33.0
4.6,-15.4
30.9,-152.1
-3.6,152.0
1.4,-13.0
-11.7,132.3
16.7,-98.0
-3.5,152.1
36.6,169.9
0.9,-4.6
-3.8,20.9
-37.7,153.0
-37.8,152.7
-4.1,-77.7
-5.2,-69.3
15.6,-98.1
31.4,-151.8
-18.0,-152.6
31.3,-151.9
-14.5,128.1
-16.4,122.2
-38.9,153.1
36.9,162.5
5.3,-13.6
30.5,-55.5
37.9,-64.8
29.5,-57.1
-16.8,-51.2
-8.0,117.0
27.1,-58.4
15.7,-97.8
30.5,-155.2
-22.2,-170.0
-13.0,119.5
30.7,-155.1
-20.9,-170.1
-44.1,152.3
29.8,50.8
39.5,-60.7
-24.7,-169.7
4.7,109.7
-32.5,149.5
-2.5,22.1
37.6,-151.3
-8.6,-49.2
37.5,174.0
-1.1,17.0
1.0,2.1
1.2,2.0
-8.9,-49.2
-9.3,-50.0
-2.9,21.4
37.1,-61.2
-2.5,-72.2
30.7,50.7
4.5,-14.0
6.2,-12.5
-16.8,-51.0
-6.3,114.2
38.6,-58.1
-13.7,126.5
34.4,162.5
-13.3,119.4
34.4,162.6
34.4,162.4
-7.5,-48.7
-4.9,-77.8
15.9,-98.4
15.7,-98.1
-7.8,-50.9
-8.3,-69.0
-8.9,-69.2
4.7,-15.2
-1.4,20.0
-8.7,-69.3
-5.4,-69.2
-45.9,-38.4
-5.6,-75.3
5.9,-13.7
3.4,9.4
30.7,-55.6
-4.1,55.8
6.3,-12.8
-5.6,-75.5
-3.6,-71.0
-5.9,-78.9
30.8,-55.2
38.8,-58.3
38.7,-58.2
26.2,-158.1
-41.3,152.8
-2.7,55.3
-36.3,18.8
-0.6,25.4
-5.4,-39.0
-2.3,13.7
-42.1,147.6
-5.6,-38.5
-5.3,-38.8
1.2,-14.3
-0.6,-15.0
42.0,-61.7
-6.5,150.6
-46.0,-38.6
-22.9,-169.9
-1.5,20.1
-8.8,-49.5
29.3,50.1
-4.8,113.6
-7.9,-50.9
-9.0,-49.6
-45.8,-38.5
-7.9,-51.0
-33.5,150.0
-0.5,-7.5
3.5,-15.6
-4.4,-44.5
-31.6,152.2
-14.8,129.0
-14.9,128.9
16.5,-97.8
16.0,-98.1
-42.4,-43.6
29.4,50.3
-2.9,-69.8
-7.3,-51.0
16.3,-98.4
-12.2,142.0
-27.5,-68.0
-1.1,-72.1
29.7,-57.0
-1.7,-72.0
29.7,-56.9
-45.5,-38.6
-51.1,-153.0
-51.1,-152.9
-9.1,-75.6
-9.2,-75.7
-8.9,-49.4
-9.2,-75.8
-6.7,-76.8
4.0,-13.8
29.9,51.1
30.2,51.1
-7.2,-76.8
-7.3,-76.8
31.4,-23.9
37.7,174.1
-2.4,-72.2
-5.6,-69.3
-2.9,-72.0
-3.0,-72.0
11.5,-117.3
11.5,-117.4
40.2,-61.6
-4.0,-70.9
40.0,-62.0
-36.5,149.6
30.6,-55.5
-7.4,-48.3
-1.1,-14.9
-5.5,-71.4
39.0,-61.8
-24.7,-170.2
39.9,-61.0
31.0,-23.3
15.5,-97.9
-4.4,-44.6
-3.9,-52.6
-3.8,-52.7
1.6,110.2
2.1,3.2
-7.7,-75.2
26.1,-158.1
4.6,-13.9
-8.1,-50.6
-12.0,127.6
-5.9,-38.7
-17.6,121.3
-36.3,19.1
-5.7,-78.3
-3.8,15.7
38.3,-58.5
38.3,-58.3
-4.1,-52.0
0.2,-7.1
1.0,-4.8
-1.8,-51.1
-45.3,-38.8
-45.2,-38.7
-45.1,-38.7
30.5,-54.8
30.6,-55.0
29.7,-57.2
-9.0,111.1
-4.2,9.5
41.1,-147.6
-6.8,-75.6
-6.9,-75.9
-7.9,117.1
-6.8,-53.3
-4.2,-76.8
-9.1,-69.3
-7.9,-50.6
-7.9,-50.5
-8.0,-50.6
-9.6,115.8
16.0,-119.8
-22.2,-170.3
-22.2,-170.2
1.9,-15.3
0.2,-16.5
1.8,-15.3
-2.5,-71.7
3.7,63.1
40.3,161.9
40.3,162.0
38.3,-58.6
38.4,-58.5
40.3,-61.3
29.6,-56.2
-13.2,132.4
1.1,-14.1
-8.9,-49.6
0.9,-14.3
24.9,-60.0
-4.7,-52.2
-4.9,-52.3
4.0,62.7
-12.2,119.6
-33.1,148.7
25.2,49.5
-13.3,128.6
-9.6,-49.4
-12.4,124.6
-30.5,152.4
-0.1,33.7
29.3,-22.7
-41.9,147.7
-2.2,22.6
2.0,110.1
32.9,-59.3
-3.7,-71.5
-1.4,-72.4
15.5,-98.1
-1.4,-72.3
-6.0,113.0
-7.3,-51.9
-5.1,-38.5
-1.8,20.0
-12.2,127.9
6.0,-12.7
-17.2,121.5
5.5,-13.7
-2.3,21.8
-6.4,-75.8
-4.0,-43.4
37.3,-58.1
-6.2,112.5
-2.9,21.5
-4.3,-44.7
-36.3,149.3
-1.6,-70.2
-11.2,122.1
-5.7,108.3
-31.5,152.4
-4.3,-44.6
5.9,-13.5
-3.8,-77.6
-2.9,-72.2
-5.4,-38.6
-30.9,25.5
29.6,-57.0
-5.4,-77.9
-46.1,-38.6
-6.3,150.5
39.6,-60.7
-1.6,16.7
37.4,-58.8
-0.5,-72.3
27.2,-58.4
36.3,-151.4
38.0,-64.8
29.5,50.3
-25.6,-170.1
11.5,-117.0
-8.7,-50.7
-26.5,-110.4
-26.5,-110.5
0.8,-4.5
28.6,-56.3
0.5,-69.6
0.5,-69.7
0.4,-69.7
-46.1,-39.9
-46.3,-39.8
-2.6,22.1
31.1,51.1
29.9,-56.4
-9.2,-69.0
-4.8,-70.2
30.8,-154.1
29.6,-55.7
-45.8,-40.2
-31.6,152.3
-31.5,152.1
-5.5,-69.3
38.0,-64.4
-37.8,152.8
3.6,63.4
-3.1,-48.0
12.0,-117.6
11.9,-117.7
12.0,-117.5
-5.5,108.0
16.5,-98.0
-8.8,-68.9
-1.6,20.3
1.7,-14.1
-4.9,22.2
37.3,163.0
-2.1,16.7
-5.8,-69.4
-3.8,-71.8
-2.1,-71.7
25.2,49.6
4.4,65.6
1.4,-4.5
4.7,65.7
0.7,-4.9
0.8,-4.8
1.4,-4.4
6.4,-12.4
-3.1,73.6
30.7,-153.8
-37.0,-1.6
4.3,88.4
-5.4,-75.5
-6.4,-78.7
-44.9,153.2
-7.1,-77.1
-6.9,-77.1
-2.0,13.8
5.3,-13.5
1.0,-6.7
5.4,-14.0
-5.4,-69.5
-5.5,-69.6
-32.5,147.6
-2.3,21.4
34.5,162.5
-45.9,-38.3
-2.1,-50.9
-1.1,24.5
37.7,170.6
4.0,9.0
29.2,-55.9
29.3,-56.0
29.2,-56.0
-8.7,111.5
-1.4,20.2
-26.9,20.0
-14.3,128.0
-46.0,-38.4
40.1,-61.4
-46.2,-41.0
-17.1,122.1
-4.7,112.5
-45.1,-35.5
-5.6,-69.4
-45.0,-35.4
-5.4,-69.4
-0.5,17.1
-7.2,-75.1
-7.3,-75.2
-7.3,-75.1
1.3,2.6
-7.1,-77.2
-6.8,-77.0
-12.9,119.8
-4.9,-75.5
-2.7,145.7
1.2,-5.1
-32.1,151.7
-8.9,-69.3
-4.0,-55.5
-6.0,-75.7
-5.8,-75.7
-5.0,-56.1
-6.4,150.4
-32.7,149.2
5.7,118.4
-44.6,-42.8
-4.1,9.9
3.3,110.7
30.2,-156.2
-7.2,-76.7
-25.5,-170.2
-3.8,-44.5
-0.4,17.4
-7.9,117.2
-4.0,-44.4
3.3,9.9
-7.7,157.0
-7.7,-48.5
-7.8,-48.5
-37.0,17.8
-12.7,132.7
-8.8,110.3
-43.9,151.5
-3.1,-48.2
31.0,-55.0
-6.8,-39.3
1.9,110.2
16.1,-98.2
-20.9,-169.9
1.1,-14.3
-4.6,-71.1
30.6,-154.7
30.5,-155.0
30.4,-155.2
-45.6,-38.4
16.3,-119.7
33.3,-58.8
-45.4,-38.4
-45.5,-38.4
-0.4,17.2
-12.4,128.3
-6.3,-53.7
-6.4,-53.7
-2.2,-51.0
-32.4,149.3
-5.2,109.8
31.8,31.3
-9.0,-49.5
-5.1,-75.8
-5.5,-75.8
15.5,-120.7
-8.1,-76.8
-46.1,-39.8
-22.1,-170.1
-12.1,120.5
-13.3,119.5
-13.7,128.4
6.6,-12.1
6.3,-12.1
-13.7,128.3
16.8,-98.0
16.6,-97.9
36.2,-152.3
16.7,-99.9
-42.4,-43.5
-0.7,-7.8
23.7,50.3
2.7,-6.7
-5.1,-69.1
29.7,50.9
-3.8,-52.6
11.0,-116.2
11.1,-116.1
11.1,-116.0
-8.7,-49.3
-0.4,34.0
-1.3,-70.2
16.4,-97.1
16.4,-97.0
-5.5,-69.4
-1.7,-50.6
-2.1,-50.5
3.7,-47.3
-1.9,23.0
-25.5,77.8
11.7,-117.3
-2.1,16.0
-1.8,13.8
0.9,-4.4
1.1,-4.4
11.8,-117.7
-16.1,122.6
-6.5,150.7
-2.1,-51.1
16.3,-98.3
-1.6,-73.0
-12.8,120.9
-3.8,-76.7
-5.7,-77.6
37.0,-62.4
26.2,-157.8
16.5,-97.5
-7.6,-48.7
1.0,5.3
1.0,5.2
29.7,-55.7
0.7,-4.5
0.9,1.9
-1.5,21.8
-7.7,-50.9
-20.8,-170.0
-6.2,-39.5
-6.3,-39.6
-1.7,21.4
5.1,-14.8
0.8,-6.7
-8.6,-50.7
-9.2,-49.5
-10.7,51.0
-37.8,153.2
3.6,62.7
-13.4,127.6
-11.4,50.7
-5.3,-70.3
-0.8,21.5
16.4,-97.5
-17.1,121.8
1.2,-4.6
-6.5,-68.6
0.9,-73.2
-4.4,-72.4
18.3,90.1
-2.2,-71.8
-3.0,-16.6
-46.1,-38.5
-17.8,-152.5
0.2,-70.0
-2.4,22.2
-16.2,-50.8
-22.3,-170.5
-22.2,-170.4
-45.0,-38.9
30.7,-153.5
-6.0,-76.2
38.0,173.9
-25.8,78.1
-1.9,-51.2
38.1,174.2
38.1,174.1
-5.3,-75.9
-0.5,-72.2
-2.7,-71.7
30.5,-55.2
-1.6,-51.0
29.4,-22.6
-4.6,-52.2
-10.2,-55.8
-13.1,128.3
29.6,-57.1
-4.3,9.6
-4.3,9.5
-6.9,-75.7
-7.7,-51.1
-0.9,17.3
-20.9,-170.2
-5.6,-38.8
-2.4,-71.3
-33.1,149.6
-32.8,149.3
5.4,-13.4
-3.7,-70.9
-2.8,-71.0
1.6,-14.0
16.0,-97.7
-31.3,152.4
31.0,-55.1
3.1,108.5
30.5,-155.1
1.3,5.3
1.4,5.3
1.2,-13.4
30.1,-155.6
-3.8,14.6
3.7,63.2
41.6,-60.5
-44.3,152.4
40.1,-61.3
-0.9,2.6
5.3,121.5
38.8,178.3
-2.3,22.3
0.2,-69.6
-2.8,-71.1
39.3,-149.4
-5.2,-75.6
-12.5,141.6
-46.3,-38.5
6.4,-13.1
29.1,-56.2
30.1,-155.0
-8.3,49.8
-1.9,-71.9
-11.8,124.1
38.8,-58.2
2.2,3.3
-6.3,-76.2
-6.2,-50.1
30.7,-153.4
-31.3,152.1
2.0,7.1
1.9,7.0
39.5,-61.4
-7.1,-75.2
-7.9,-50.8
-13.2,125.8
-1.3,-7.8
-0.2,19.5
38.8,-58.0
-13.6,128.4
-14.1,128.1
-13.4,128.5
-14.4,128.2
-5.1,-38.9
6.1,-13.2
-25.8,78.0
-5.4,-75.8
-5.1,-75.6
-10.4,119.0
-1.1,-70.3
-7.0,-48.7
-30.5,-106.4
-13.2,132.5
31.1,51.0
31.2,51.0
-1.1,24.6
15.8,-120.8
31.2,51.2
-13.6,128.0
-1.8,-72.0
-1.6,-72.5
-2.1,-72.4
-12.7,141.6
-11.6,50.8
-1.6,-70.4
-1.5,-70.3
-8.5,-50.5
41.9,-61.7
41.8,-61.9
-8.6,-50.5
26.3,-159.2
5.7,-13.4
-5.0,-69.0
26.2,-159.2
-5.1,-69.0
30.0,51.7
-5.2,-69.1
-46.4,-42.4
-2.8,22.2
-4.6,-77.2
-4.6,-77.3
-16.2,-50.7
1.4,5.5
-42.4,-43.4
-32.1,149.6
-25.5,77.7
-45.8,-38.3
0.5,-66.7
28.3,-58.6
-4.5,-76.6
4.4,88.4
-4.7,-76.9
10.3,-123.9
10.3,-123.8
-44.6,152.9
40.1,161.9
1.6,-16.0
-14.4,127.9
-31.8,151.9
5.8,-14.2
-21.4,-170.7
-21.1,-169.8
-20.1,-169.6
15.5,-97.8
-1.7,21.7
-17.7,178.5
-12.2,119.7
-14.0,128.0
-26.8,18.4
6.2,-12.3
4.6,-12.7
-44.2,152.4
-7.1,-51.2
29.3,-56.3
-1.8,22.0
5.4,118.7
-4.4,-71.0
-5.7,107.7
-0.9,-72.6
1.3,-5.0
-37.0,149.0
-8.1,-69.0
-4.2,-70.9
-8.8,-69.0
-10.6,50.9
0.1,-69.6
30.1,51.3
30.0,51.3
-5.2,109.5
30.2,51.5
30.1,51.4
-38.1,152.7
37.6,174.4
37.6,174.2
-51.2,-153.1
-12.3,119.7
-46.0,-39.7
31.4,-153.0
30.5,-153.5
-16.1,122.5
30.9,-23.2
-0.8,17.3
-8.3,-76.7
-5.3,-75.4
-46.1,-39.1
4.9,-13.9
-14.1,128.7
-4.0,-44.5
1.7,2.6
-13.0,127.9
-37.1,149.1
6.2,-12.8
0.8,-4.2
0.7,-4.3
-8.8,-49.6
-45.6,-38.2
-33.9,149.6
-9.1,-49.5
-8.9,-49.5
39.3,-61.0
-7.2,-77.0
39.3,-60.9
-5.1,-52.2
-46.1,-38.4
15.9,-120.9
-13.4,126.3
-32.9,148.8
-32.7,149.0
-4.7,56.2
-5.3,56.1
-32.9,149.7
-4.0,10.2
-37.1,17.7
40.1,-60.8
5.4,-17.0
-2.4,-71.6
-2.2,21.9
5.5,-13.6
-16.2,122.8
-37.8,153.1
-37.8,153.0
-4.0,9.9
-29.8,24.2
-0.7,25.0
-32.3,149.0
6.3,-13.4
-1.7,-51.1
12.0,-117.7
-16.9,-51.0
16.4,-99.4
-28.6,-69.4
-13.4,126.1
-12.9,119.3
30.1,-55.3
41.8,157.2
41.6,157.1
-24.8,-170.0
-24.7,-51.1
30.7,-55.1
8.6,-125.0
-3.6,-52.8
-1.7,-50.8
-3.2,-52.8
31.0,50.9
3.7,108.9
31.0,50.8
6.9,-109.0
7.0,-109.0
31.1,50.9
-5.0,-38.6
-2.9,-71.4
-4.0,-55.8
-3.6,-56.0
-11.2,122.2
-4.0,-77.5
-5.4,-77.7
-1.7,-72.5
-3.4,152.1
10.4,-123.8
31.2,-156.9
1.1,-6.6
-3.4,13.9
-23.1,-169.8
-8.4,-50.5
40.2,-60.9
-15.0,129.0
-11.4,142.4
-4.4,16.0
-5.3,-71.3
-10.9,51.1
40.0,-61.0
5.7,-14.1
0.7,5.1
5.7,-14.2
-2.2,22.0
27.2,-58.0
5.2,-14.5
-2.6,126.3
1.6,-5.3
31.8,31.4
-3.6,22.2
23.9,50.4
16.6,-97.7
-26.7,19.6
-45.2,-38.6
-45.1,-38.6
-17.9,-152.6
-17.9,-152.5
-9.8,-76.9
-8.9,110.4
-11.2,121.7
29.1,50.0
-12.1,120.6
-13.3,128.5
-45.8,-38.1
33.0,-59.3
15.4,-97.9
15.2,-97.9
-17.7,-152.6
-4.8,-52.3
-3.8,-71.3
30.8,-153.5
-8.0,117.1
-2.9,-72.3
-8.0,117.2
3.2,-18.3
28.9,-57.8
-32.6,147.5
30.6,-55.6
-7.3,-51.2
-5.7,-39.4
40.2,-61.3
-16.3,122.6
16.7,-98.1
4.8,-13.9
16.4,-98.1
1.3,-4.5
26.0,-158.2
1.2,2.7
1.5,2.7
-42.2,147.5
-24.8,-169.9
28.6,-56.2
28.7,-56.2
-4.3,10.0
-4.1,-77.5
-26.6,-110.4
1.0,-4.3
0.9,-4.5
3.0,-18.6
2.9,-18.6
-1.2,16.7
-0.1,-7.5
-13.2,119.5
-8.8,111.5
-12.8,127.8
-10.1,119.3
16.8,-97.2
-6.2,114.3
-7.0,113.1
-4.7,-51.9
10.1,133.6
9.9,133.6
10.1,133.7
-6.3,-78.5
-2.1,21.9
-2.1,21.8
-42.1,152.3
-33.3,150.0
-12.9,127.9
-0.7,33.3
36.4,-151.4
39.7,-60.8
39.6,-60.8
39.7,-60.7
-1.4,21.1
-36.4,149.6
-2.5,-71.6
40.1,-61.0
-8.0,-50.8
40.3,-61.4
43.4,37.0
-32.4,149.4
-32.4,149.0
-32.5,148.9
-25.4,77.9
-16.9,-51.1
41.2,-147.5
41.2,-147.4
-7.5,-74.7
-4.2,9.6
27.2,-50.9
3.6,63.1
-44.0,151.6
-12.5,121.2
-12.6,121.2
-9.4,-49.8
30.6,-55.1
2.6,-6.8
-0.3,-7.1
2.9,-6.6
-11.3,50.7
-0.2,-7.6
-5.4,-77.6
30.2,51.3
-6.1,49.3
-16.3,-50.8
-1.7,16.8
-30.0,24.1
-16.1,-50.8
-12.1,119.6
31.0,50.7
-45.9,-40.3
11.7,-117.7
4.0,63.6
16.4,-97.6
-9.3,116.5
39.1,178.4
37.8,174.1
-8.8,111.2
-8.9,111.1
30.6,-155.0
-1.9,16.2
-9.1,49.4
-1.1,-70.2
-42.2,147.4
4.2,169.2
29.4,-57.2
-7.6,149.1
-27.5,-110.3
4.2,-15.3
-20.7,-169.9
42.3,-61.6
42.2,-61.7
42.2,-61.6
-5.7,-69.3
-2.8,73.9
-2.8,74.0
-3.0,-48.1
-7.3,-75.6
0.9,-13.4
-4.2,-77.1
-16.0,122.9
-2.2,16.4
4.4,88.5
15.7,-129.6
26.2,-157.7
26.4,-157.5
36.4,-151.5
36.4,-151.2
29.9,51.7
29.5,-57.0
30.6,-55.4
-5.0,114.1
-46.2,-38.4
0.5,-4.9
5.4,25.6
5.4,-12.8
30.8,-23.2
33.8,167.5
24.5,-61.1
6.9,-109.1
28.7,-56.3
29.9,-152.6
-9.2,117.6
-1.7,13.7
-12.2,142.1
-8.7,-54.7
-25.5,-170.0
-25.5,-170.1
1.8,-13.8
-7.2,-75.3
29.4,-55.9
16.2,-100.0
38.2,-64.8
-26.1,75.7
38.3,-64.8
-8.8,110.4
38.3,-64.7
37.8,-63.6
-4.8,-52.5
-37.6,152.4
-13.2,119.6
-16.1,122.8
-2.7,126.3
36.9,164.1
37.9,174.3
-5.0,-71.3
37.8,174.2
29.0,-56.2
16.7,-98.4
12.0,-117.8
-45.9,-38.2
-23.0,47.7
16.5,-100.2
17.0,-100.1
-50.9,-153.0
-43.6,152.1
-2.9,22.0
-3.0,22.1
-0.5,-7.7
-25.8,78.3
-2.0,-71.8
29.1,-56.9
-17.5,121.6
1.4,-13.6
1.5,-13.9
-5.0,-75.6
1.1,-13.7
5.3,121.6
-16.2,122.3
-0.9,17.1
17.9,89.5
-1.3,16.7
-30.3,-106.2
-44.2,152.7
-2.3,22.2
17.2,-97.8
-27.4,19.0
-25.0,-170.1
2.4,-58.4
2.6,-58.4
7.1,37.3
0.8,-15.4
-3.6,13.8
-14.3,129.0
-38.0,153.4
-0.4,17.1
-4.4,-75.5
-9.1,-49.7
-8.3,156.8
30.8,-55.1
1.5,2.6
0.0,1.8
1.7,2.8
29.1,-56.1
-1.1,16.7
-9.4,114.1
-17.8,178.5
-7.8,-51.0
-18.3,177.9
6.2,-13.6
5.8,-13.6
-4.7,-52.3
-14.4,127.3
37.1,162.3
-7.5,148.9
0.7,-69.7
10.2,-123.1
-13.6,128.2
-10.1,119.4
-15.0,128.6
31.9,31.4
15.2,-97.8
30.8,-55.0
-0.6,24.8
10.7,-112.0
-6.6,150.5
10.5,-112.1
-1.1,22.4
36.8,166.1
38.4,169.1
-17.3,121.5
-8.2,49.9
28.5,-157.6
-11.5,123.8
2.9,108.5
-36.3,149.1
-27.0,-68.2
16.2,-98.2
29.3,-55.9
40.1,-147.6
39.4,-149.2
39.3,-149.3
40.3,-147.8
-5.2,-69.8
-2.1,-72.1
-7.3,-76.9
-4.6,-55.7
-7.1,-76.7
-45.3,-38.3
-5.8,107.6
5.2,-14.1
1.2,-13.3
-31.6,152.0
26.5,-157.8
26.7,-157.7
26.4,-158.0
30.4,-55.4
30.4,-55.5
29.5,50.5
-0.2,-7.4
1.7,-4.8
-45.0,-38.8
26.5,-157.9
6.4,160.1
17.4,87.6
-11.4,50.8
-13.6,127.9
4.1,-15.6
-5.6,-71.3
-36.8,17.9
-37.0,18.0
-3.0,-48.3
26.3,-158.0
16.1,-100.1
-12.9,119.5
-5.5,-77.8
-4.5,22.5
-6.5,-53.0
15.0,-120.9
-4.8,-52.2
-2.1,-71.9
-1.5,-71.9
-1.8,-71.9
-12.3,119.8
-12.2,119.9
-6.3,-39.4
36.0,-152.4
-16.2,123.6
2.5,-58.4
-16.3,123.6
1.5,-71.7
30.8,-54.9
4.5,-15.4
-27.2,18.4
-2.5,72.1
-31.9,151.9
-44.0,152.6
1.4,-5.1
0.1,-4.8
29.2,50.0
3.2,9.3
-2.6,17.5
-4.4,-71.1
-32.5,148.8
-32.3,149.1
-42.4,-43.3
-3.8,-71.1
2.9,125.0
2.8,124.3
-7.6,-48.8
-17.4,121.5
-7.4,125.1
4.4,88.7
-13.4,127.7
-13.5,127.7
16.2,-99.4
-5.2,-77.6
2.5,-58.3
-7.5,-75.1
0.6,-4.9
37.1,163.1
-3.0,-48.2
3.2,-18.2
-10.6,-49.7
1.5,-16.0
6.0,-13.5
36.3,-151.1
29.4,-56.4
34.5,-59.0
34.6,-59.0
-20.6,-169.9
-20.2,-169.9
36.1,-152.2
30.7,-23.2
-13.5,126.1
-6.4,-53.2
-8.6,152.2
6.4,-12.2
31.0,-154.1
17.2,-97.9
1.3,-14.1
0.7,-14.5
-6.6,150.6
-33.0,149.2
-32.8,149.1
5.5,-14.4
-4.7,112.7
-29.0,23.6
0.2,-69.7
4.3,65.1
31.4,-24.0
4.2,65.3
-12.2,120.2
-12.1,120.3
6.8,-13.0
-27.4,-68.0
-45.4,-38.3
-27.5,-67.9
37.4,-58.1
37.4,-58.0
7.6,-12.4
-4.9,-75.7
-5.6,-75.7
-5.0,-75.7
-7.3,-52.6
36.4,-151.3
-4.2,10.1
16.3,-98.1
-6.3,-50.4
38.2,-64.7
29.8,-55.8
-4.4,-78.5
-4.1,-52.8
42.3,-61.7
5.4,118.8
-0.6,25.1
-34.0,149.5
5.3,118.8
37.7,-58.1
-26.2,76.5
4.7,-16.7
-10.3,-68.1
-38.1,152.9
-10.3,-68.0
-14.6,128.9
3.7,64.2
-1.8,13.7
-10.0,119.4
16.0,-129.3
40.2,-60.8
29.9,-57.0
-5.3,-69.1
28.9,50.1
-10.1,-55.5
-5.5,-38.5
-0.4,25.2
-37.7,153.1
37.9,-58.2
-26.0,75.7
33.9,162.5
-25.9,75.7
-1.9,14.0
-43.8,151.8
30.3,-153.7
-14.2,119.8
29.2,-56.2
-3.4,13.8
-4.3,22.3
36.7,172.0
30.5,51.6
31.3,-55.0
30.1,-54.8
-1.5,17.1
-12.4,121.9
17.1,-99.8
-7.5,125.0
-6.7,-53.3
3.8,63.2
-25.4,-170.3
0.3,-4.9
-2.7,17.3
36.4,169.9
36.2,169.8
-5.2,-69.6
-5.3,-69.5
-5.6,-69.6
15.7,-97.4
-3.9,-77.6
-1.1,20.5
39.8,-60.7
-1.8,20.1
-5.2,-70.3
-1.4,-50.6
-2.0,-50.7
0.1,33.7
-1.8,-50.6
-1.6,-50.7
-7.1,-75.1
-7.2,-75.0
34.6,-58.9
-32.3,149.4
-25.9,78.4
29.4,-56.2
28.7,-57.3
29.0,-55.8
-46.3,-41.0
-12.7,119.2
26.5,-157.7
-4.8,18.9
-4.8,18.8
-4.8,19.3
-4.9,18.8
0.3,-69.6
1.2,-70.0
-2.2,-51.9
-2.8,145.6
-6.1,-79.2
5.9,-14.0
5.9,-13.8
30.3,-55.6
-6.9,-76.5
-45.7,-38.3
-37.1,18.0
15.4,-97.5
-2.0,21.4
-7.6,109.6
-3.4,-71.9
30.7,-155.9
0.6,-4.5
-4.1,21.1
-4.9,83.4
-4.8,56.2
-7.0,-74.9
-12.8,119.6
-4.3,-77.8
-24.8,-170.3
-12.9,119.4
5.8,-14.3
5.7,-14.4
-2.9,21.6
16.5,-97.4
0.4,-70.0
-13.1,119.3
-9.3,-49.6
-2.3,-72.2
-6.5,-75.8
-12.1,120.2
-3.7,-52.1
-4.6,-43.1
-4.0,-43.2
-4.6,-43.2
34.2,-49.2
6.1,-12.5
-5.5,-69.5
16.4,-99.3
-6.0,149.1
-9.8,116.0
-46.0,-38.3
-46.1,-38.3
-5.5,-70.4
35.2,160.7
31.1,-23.3
37.0,162.9
-31.9,152.0
-30.4,152.6
-8.4,-76.8
36.5,-151.4
27.3,-58.1
-2.0,-72.5
27.4,-58.1
28.8,-56.2
-3.4,22.1
16.4,-98.0
16.7,-97.8
41.4,-147.2
41.3,-147.4
6.5,-13.2
-1.6,16.9
-17.4,121.7
-46.4,-42.3
-30.5,152.3
-1.5,20.5
-5.2,108.4
3.9,62.7
-2.7,-71.6
-4.5,-78.5
29.0,-22.5
28.9,-22.4
11.4,-117.4
-2.1,16.5
-9.3,114.2
15.4,-97.8
-7.2,-75.5
-5.9,-70.2
-43.9,151.6
-44.0,151.5
34.5,-58.9
34.3,-58.9
-4.5,22.1
-1.4,20.6
-3.4,-77.2
-4.4,-77.5
36.5,-151.3
-3.8,-77.2
-4.0,-77.6
-4.5,-70.8
-4.8,112.7
-5.4,-69.6
5.2,-16.5
1.2,-5.2
-3.3,-71.1
-2.3,16.0
-10.6,-56.1
8.1,-12.5
-6.4,51.4
-6.7,91.0
5.6,118.5
16.9,-100.2
-9.1,-49.6
-8.8,112.3
-2.1,21.3
-14.8,-157.1
-6.4,-39.6
1.9,7.5
-14.7,-156.9
2.0,7.4
-6.6,-77.1
4.8,-15.2
-4.7,-42.4
30.7,-54.9
-42.3,-43.3
-4.8,93.7
-31.4,24.0
-46.1,-38.2
-24.0,-170.5
-44.2,152.8
31.4,-157.8
40.3,-61.2
29.1,50.2
40.6,-60.4
-4.3,-52.1
40.6,-60.3
-4.2,-52.1
40.5,-60.5
33.1,-66.8
-22.1,-170.0
-9.8,119.4
-36.4,149.7
29.8,-57.0
29.9,-57.1
29.3,-57.4
-46.1,-39.6
15.5,-97.5
-5.6,108.3
-8.8,110.5
29.3,-56.2
3.9,109.1
-12.7,119.7
-1.7,20.2
-6.0,-53.0
-45.9,-39.6
-45.9,-39.7
-38.1,152.8
-46.0,-39.9
30.2,51.2
-4.2,-44.2
-8.0,-51.0
-7.2,-75.7
-4.2,-71.1
-4.1,-71.0
-31.7,152.3
-9.3,-55.6
-2.4,72.0
30.7,-155.8
31.0,-23.4
-3.1,-71.4
-3.2,-71.2
-5.9,-75.3
-6.0,-75.2
-38.9,152.6
16.4,-97.7
16.9,-97.6
-1.9,-51.8
5.1,-13.8
-37.4,153.3
-13.2,119.4
-46.2,-38.3
-5.2,-38.8
-6.9,-77.2
11.2,-115.1
11.3,-114.8
-14.0,127.9
0.9,-4.2
-32.7,147.8
-17.8,178.6
-9.7,160.3
-45.8,-38.2
-8.7,111.3
-0.1,33.5
-4.5,-77.2
-4.3,-76.9
-46.0,-38.2
-1.9,-70.4
-4.3,-44.5
-42.4,-43.2
16.5,-97.3
16.4,-97.2
-17.2,121.7
32.1,-25.3
-1.3,-72.5
2.0,-15.3
40.5,-60.3
-3.7,-44.5
-16.1,123.7
-7.1,-77.5
36.8,166.0
35.3,163.8
-20.8,55.9
40.1,-61.1
0.8,34.3
2.2,-14.8
-8.2,-76.8
-32.9,148.7
-3.5,-71.5
-3.4,-71.4
-2.5,-71.5
-3.6,-71.5
-3.5,-71.6
-4.0,-71.5
-8.1,49.9
3.2,9.8
0.0,34.4
0.0,34.4
-18.0,-152.4
-2.6,-71.6
5.8,-14.4
-2.1,14.0
16.0,-129.9
-7.7,149.1
-7.5,149.0
-2.6,-71.2
-2.3,17.0
-11.4,142.1
-9.3,116.6
-24.8,-51.0
-7.4,-48.7
-0.2,33.7
-5.8,79.2
-3.1,21.8
-3.1,21.7
-1.5,21.0
-6.2,149.2
-6.1,149.2
29.4,-56.0
30.6,-23.2
29.4,-55.8
29.3,-55.8
3.5,63.1
-8.2,30.9
-32.3,149.5
-2.6,145.9
-12.9,-73.5
-4.9,83.5
-37.7,152.5
-9.6,50.1
30.0,-23.1
-9.9,115.8
-9.7,115.8
-13.0,119.4
-4.9,-43.3
-4.7,-43.2
-43.5,152.0
-43.4,151.9
16.4,-119.9
-3.2,13.3
-23.0,-170.2
-8.9,-50.5
-9.4,-50.5
-5.3,-75.3
-9.0,-50.5
-7.3,-74.9
15.7,-120.5
-3.8,21.2
-3.8,21.1
-1.8,-69.5
15.9,-120.7
-1.3,21.7
-17.3,121.6
-17.3,121.7
-6.6,-53.3
-27.2,-68.3
-22.3,-170.0
39.8,-60.9
36.4,45.2
-3.1,22.1
-25.9,78.3
-26.0,78.2
-11.3,142.5
-13.0,128.0
-32.3,-172.3
32.0,-25.3
-11.8,123.4
37.8,-150.2
37.9,-150.3
-44.6,153.1
37.4,-151.3
-44.7,152.9
30.8,-23.4
-8.6,-69.2
15.2,-97.5
15.3,-97.5
31.3,-23.9
30.2,-156.0
-36.9,149.4
-8.4,-80.2
39.4,-149.3
-7.1,-51.1
-2.5,-50.6
-12.4,141.8
-3.0,-71.0
-1.5,16.5
-11.4,122.9
24.6,-61.1
-14.4,126.3
36.2,-151.7
24.0,-60.6
-36.3,19.2
-8.0,-50.9
3.3,10.0
5.5,-14.1
-11.5,142.2
-24.8,-170.2
25.1,-60.6
40.4,-61.4
-6.5,-39.6
-46.3,-39.5
-5.0,-69.3
-5.0,-69.4
-2.8,21.4
11.2,-115.0
11.1,-114.9
-32.4,147.5
-7.7,-51.0
-4.2,-71.0
-4.3,-71.0
-7.6,-51.0
15.6,-129.7
-46.4,-42.2
-1.7,22.5
-12.6,124.9
-7.2,-75.2
-17.5,121.3
-13.3,128.4
11.6,-117.3
-12.5,128.4
-4.1,-52.7
-4.2,-77.8
-8.2,-76.6
-24.8,-170.6
-24.8,-170.4
-24.7,-170.4
-31.2,24.7
4.4,-15.3
42.5,-61.7
-8.8,-49.8
-3.6,14.0
16.1,-129.8
-0.8,17.5
-11.9,132.3
-15.1,128.6
-27.6,-109.8
-27.7,-109.8
-20.9,-170.0
-11.4,123.0
-27.6,-109.7
30.1,-154.7
-3.9,20.9
-3.9,20.8
37.0,165.9
39.1,178.5
29.4,50.2
-0.5,24.9
-0.4,25.0
-46.0,-38.1
-14.7,-157.2
-12.1,141.8
-14.9,-157.4
-12.2,120.3
39.8,-60.6
5.2,-13.6
16.2,-120.1
0.0,-69.7
-14.7,128.8
-4.7,113.1
-14.7,128.9
-6.7,-50.9
-13.2,132.6
-6.8,-50.9
15.5,-120.8
-1.8,-50.7
-37.9,153.1
-42.4,152.3
-7.4,120.3
-30.4,152.5
31.5,-151.8
-1.8,-72.5
-1.5,21.1
39.3,-149.2
39.3,-149.8
39.4,-149.4
-26.0,75.6
16.8,-98.1
1.0,-3.5
-5.7,-71.0
-5.3,-71.0
-7.4,-75.7
-11.3,121.8
-27.4,-110.5
-27.5,-110.4
-2.8,16.2
30.7,-155.0
30.5,-154.9
-32.6,149.6
-4.1,-53.0
31.2,-23.9
0.9,-4.3
16.2,-97.5
-6.7,-75.8
0.5,33.9
-2.3,-71.4
-2.2,-71.4
5.5,-14.3
8.2,-11.7
-5.0,-38.7
-38.2,152.8
29.4,-57.1
42.1,37.1
42.1,36.9
-5.9,-70.3
31.9,-24.8
31.8,-24.8
3.9,63.2
-9.5,-55.7
-2.5,16.5
-7.3,-75.3
30.9,-154.3
-36.6,149.6
-11.0,50.6
-36.5,149.7
-4.6,55.2
-4.2,9.8
-12.8,127.9
-4.4,9.7
30.9,-54.9
5.1,-15.0
11.6,-117.2
-45.8,-38.0
-45.9,-38.1
-2.8,13.8
-45.0,-38.7
-44.9,-38.6
-44.8,-38.6
4.9,155.8
24.5,-61.2
37.4,174.1
-11.5,142.3
-11.4,142.2
3.3,108.3
28.8,-56.1
-2.4,-70.1
40.4,-60.8
2.4,-58.3
11.4,-135.7
3.5,-15.9
4.0,-15.5
-0.7,-72.4
-4.5,56.1
-16.2,122.1
-42.3,-43.2
32.1,-25.4
31.8,-25.4
39.5,-149.4
39.5,-149.1
-1.9,13.9
3.8,109.1
15.6,-97.6
15.6,-97.4
-43.3,151.6
-1.9,-51.0
-14.5,128.2
30.5,-55.4
-14.7,128.5
-44.1,151.7
30.0,-23.0
-9.7,116.0
-16.7,121.9
-5.8,108.3
-14.0,126.7
-5.5,-69.2
-9.8,160.4
-9.7,160.4
4.4,-15.2
-25.6,77.8
-30.9,25.7
-5.7,-75.3
16.6,-120.1
38.7,-58.1
4.8,-56.6
-13.1,132.6
-13.2,131.6
2.9,-18.7
16.5,-119.5
16.6,-119.7
2.7,-18.8
-7.2,-74.9
16.2,-119.9
-17.7,178.6
29.5,-56.1
42.1,35.4
4.1,62.9
16.3,-97.1
16.2,-97.1
40.5,-147.1
40.3,-147.7
-10.5,-56.0
-6.1,114.2
40.4,-147.6
40.0,-147.7
39.8,-147.8
0.6,1.3
-0.8,33.1
-38.0,152.4
39.8,-147.7
-2.5,-71.3
30.9,-55.0
-27.3,-68.2
-6.6,-39.4
30.3,51.1
-5.3,-70.4
27.4,-59.7
29.8,-56.1
-2.5,126.3
30.3,-55.7
-12.3,128.3
-45.7,-38.2
-4.8,-52.1
-22.9,-169.8
35.5,162.5
37.0,163.0
18.3,90.3
36.9,162.8
-1.6,-72.2
-4.8,112.8
-4.2,9.0
-2.2,-71.3
40.5,-60.4
-8.7,-49.5
-2.6,-72.3
-32.2,150.2
-4.7,-55.7
-7.9,117.3
-8.2,153.0
-32.6,149.7
-4.9,22.3
-7.0,-51.2
-6.9,-51.2
-7.2,-51.2
-8.8,50.0
-28.1,-110.2
-27.5,-109.5
1.6,2.6
39.1,-149.4
-5.7,108.4
40.4,-61.2
-4.7,-77.9
39.0,178.7
39.1,178.6
11.1,-115.0
-1.9,-51.9
-13.3,119.7
-17.0,122.1
-6.8,-75.3
-36.2,-138.4
-42.4,147.7
-3.4,22.2
-3.3,22.1
-3.9,9.7
-37.7,153.2
-37.7,153.3
-4.7,93.7
-4.8,93.8
-7.5,-48.9
-17.4,121.3
-30.8,24.1
-8.3,-50.7
-8.5,-50.2
0.6,0.9
-2.9,21.7
-43.8,152.4
38.5,-58.4
-26.3,75.2
29.8,-56.2
-2.0,-51.1
4.3,118.8
-31.3,24.8
-4.8,-71.0
-4.8,-70.9
-4.2,55.9
-31.6,152.1
-11.3,142.6
-1.9,19.9
-4.7,82.9
39.1,-58.2
38.9,-58.2
39.0,-58.2
39.1,-58.1
-16.0,123.5
5.4,25.5
-4.8,-77.8
29.9,51.2
29.4,50.1
-6.1,114.1
16.8,-119.7
-45.9,-37.9
-32.1,150.2
-45.8,-37.9
-9.1,-49.8
-2.0,13.9
1.8,7.1
-1.2,16.8
-13.3,119.6
-1.6,20.2
-1.7,20.3
30.9,-55.1
-5.6,-77.5
37.8,174.3
0.7,-14.4
40.6,-60.5
-2.4,21.9
-37.1,149.2
-11.4,142.3
39.8,-60.8
38.0,-150.6
-7.5,151.6
-7.4,151.7
-4.5,-77.8
-9.7,50.4
-5.6,110.1
-9.5,50.1
-9.5,50.2
-13.5,118.8
18.0,89.7
-2.8,-48.4
30.3,51.2
-2.5,21.9
25.5,-58.9
39.5,-149.3
29.6,50.9
39.3,-150.7
-24.7,-170.6
-2.7,22.4
-4.4,-44.7
-6.3,150.7
-12.2,119.8
-27.3,-68.4
-27.2,-68.4
-21.0,-170.1
15.5,-97.3
30.2,-55.2
-6.0,50.4
33.1,-66.6
3.8,62.0
36.6,-151.3
6.3,-12.6
-32.4,-172.0
29.7,-56.1
-1.8,21.8
37.8,-58.1
-2.1,16.4
5.8,118.3
-4.6,-70.6
33.7,167.5
33.7,167.9
33.8,167.6
3.6,-15.8
31.9,-25.3
6.4,-13.3
-13.6,119.1
-9.6,50.3
-32.3,151.9
-4.3,-75.4
37.2,174.1
-4.3,-76.0
-33.9,149.5
43.1,-61.4
43.0,-61.4
-6.3,-75.4
-11.3,121.7
-15.3,126.8
4.4,88.6
-6.0,-79.0
-3.6,-77.8
-12.9,127.8
32.8,162.7
-6.5,-77.2
-1.6,20.4
-13.4,128.4
-13.5,128.3
-45.4,-38.0
-44.2,152.9
-37.9,152.3
-0.4,-17.4
-1.1,17.1
-5.5,-69.7
-0.9,-72.3
-21.0,-170.3
42.4,-61.8
0.8,-3.5
-10.2,119.3
-11.4,121.2
-3.0,14.3
-4.4,22.0
-2.0,-70.3
24.6,-61.2
24.7,-61.1
-5.2,-70.4
31.1,-54.9
-5.8,-53.2
33.6,-59.0
33.7,-59.0
-13.3,119.2
29.8,-55.7
29.7,-55.6
1.9,-4.8
-12.8,132.8
39.4,-149.1
-12.6,120.5
39.5,-149.2
39.6,-149.1
0.4,-67.1
-8.9,-68.1
-1.0,-71.2
-1.2,-71.4
-1.3,-71.4
-0.5,33.5
0.6,1.0
-6.5,-76.1
-8.9,-69.4
16.1,-119.8
2.1,-58.4
-7.3,-75.4
-4.2,9.9
-1.7,19.7
-22.0,-170.2
-13.2,131.7
-27.0,18.8
34.6,-63.8
30.8,-154.9
-0.2,33.6
-4.5,-71.0
26.1,-158.0
4.1,-15.5
36.5,170.3
36.5,170.1
-46.4,-42.1
-46.1,-38.1
36.5,170.2
31.1,-23.5
11.4,-135.8
-3.7,-50.4
-1.9,-70.2
4.0,-15.6
25.2,-60.6
29.5,50.6
16.7,-119.6
-3.1,22.2
-11.3,121.3
-7.0,149.9
-11.4,121.3
-11.8,122.0
-4.3,-52.7
-27.1,-68.0
-27.8,-68.2
-12.1,120.0
3.2,110.7
-25.6,-170.5
-5.1,-68.9
2.1,4.7
-1.5,20.7
-6.4,-76.1
-6.5,-76.3
-6.4,-76.0
38.2,-60.6
30.5,-155.6
30.2,-155.3
3.3,-18.1
1.8,-15.4
1.6,-15.6
40.5,-61.2
40.4,-61.3
-24.6,-170.3
-16.2,123.5
-6.4,51.5
5.6,-14.0
3.9,-15.7
-5.0,15.6
-8.2,-76.7
-7.6,148.9
-7.4,149.3
36.8,166.2
-1.0,17.2
-0.7,17.5
-45.9,-38.0
29.8,50.6
-4.2,-77.9
-9.9,-76.8
-12.8,132.1
-2.3,16.1
-24.8,-170.1
40.3,-60.7
40.5,-60.8
-32.3,150.0
-11.3,122.1
-11.2,142.6
-11.2,142.7
-8.8,49.9
-1.8,13.6
-4.0,-71.2
-21.0,-170.2
-42.4,-43.1
-0.3,17.0
32.0,-25.4
-42.3,-43.1
39.0,178.6
16.6,-119.4
-42.4,147.8
-42.5,147.7
5.3,-13.8
38.1,-64.5
-7.4,-51.2
24.5,-61.0
-15.4,129.1
-4.8,113.1
2.1,-4.7
1.4,-5.0
-45.9,-39.2
-46.0,-39.4
-46.1,-39.4
-1.5,19.9
2.9,108.3
-9.9,115.9
-1.4,-70.3
-30.4,-106.3
-4.0,-72.3
16.3,-119.9
-45.5,-38.2
-12.8,129.3
-45.4,-38.5
-44.9,-35.3
-5.6,55.3
-1.2,17.1
29.3,-56.1
29.5,-55.7
29.3,-55.7
-12.8,119.7
30.3,-153.6
-32.4,150.1
-32.3,149.7
-2.5,-71.4
-16.0,122.1
-2.6,-71.4
-24.7,-170.5
36.5,170.4
42.1,-61.7
31.1,50.8
-44.1,152.8
-8.5,-50.8
-8.6,-50.8
30.1,-23.1
18.0,89.6
5.3,-17.0
-3.9,10.4
38.0,171.0
38.0,170.9
37.9,171.0
-16.8,122.0
-18.3,-152.9
-26.7,18.5
-26.6,18.4
36.6,-151.4
-7.9,-75.1
-12.5,124.7
33.0,-66.6
-6.6,-52.9
29.2,-56.1
-4.3,-78.6
26.5,-158.0
37.8,-64.9
-3.1,-48.1
-3.7,-52.7
39.2,-148.3
39.2,-150.0
-3.6,-71.2
-6.5,-53.3
-24.8,-169.8
-5.4,-39.3
-2.6,72.1
-46.3,-39.2
-2.5,21.4
1.2,-24.2
31.2,-54.9
-6.5,-39.5
-6.5,-39.7
31.1,-55.0
16.1,-119.5
16.1,-119.9
15.6,-120.1
24.8,-60.8
39.9,-147.6
40.1,-147.5
-1.2,17.0
24.9,-60.8
15.9,-120.0
16.2,-119.8
-7.7,62.5
-46.2,-38.1
-46.2,-38.2
-8.6,-49.3
-9.8,-49.9
-2.9,13.4
6.3,-13.5
-5.3,-73.8
4.1,-15.3
29.7,51.2
16.8,-97.4
-37.8,152.6
1.5,-14.8
1.5,-14.7
1.3,-14.8
-36.3,19.3
4.0,63.1
4.0,-15.1
40.7,168.4
40.7,168.3
-14.3,127.7
-4.9,-77.4
-11.9,124.5
-13.1,126.1
-8.8,-49.7
-6.2,113.4
-6.3,113.4
1.0,-13.4
30.8,-155.0
-12.4,141.7
3.3,110.6
36.5,-151.2
0.4,-70.6
-46.1,-38.0
-1.8,13.5
1.6,-69.7
0.2,-69.5
-17.7,-152.8
-7.3,-76.6
-17.9,-152.7
-2.7,20.7
-3.6,22.1
15.8,-120.0
30.2,-55.5
30.3,-55.1
39.2,178.7
-9.2,-49.7
-2.5,22.4
-5.2,-69.2
-2.0,-70.6
-8.0,-50.5
-30.0,24.2
-46.3,-42.0
-4.6,113.2
5.3,-14.9
0.6,-69.7
40.4,-60.7
29.8,51.1
2.2,4.6
30.0,51.1
10.2,-123.5
10.2,-123.3
43.1,-61.5
-17.2,121.6
-32.2,151.9
24.6,-61.0
37.8,-58.0
-5.4,107.4
-31.1,25.3
16.3,-98.2
-4.6,-77.9
-4.0,-77.8
-3.9,-77.8
-3.5,-71.8
-24.8,-169.7
-5.2,-69.9
29.9,-23.1
30.3,-23.2
30.2,-23.1
-14.3,127.9
32.5,-160.1
26.1,-59.6
24.4,-60.2
3.1,-16.0
-7.8,140.0
39.9,-60.7
39.9,-60.6
-8.0,117.3
-9.0,-50.6
-9.1,-50.5
-28.0,-107.4
-28.1,-107.4
39.5,-149.5
-7.5,-76.8
29.4,-56.3
-2.9,22.3
-8.5,-76.4
-7.3,-75.5
-6.6,-75.5
-7.0,-75.8
1.5,-5.4
37.6,174.5
-16.2,-50.6
37.7,174.4
37.7,174.5
3.6,108.9
-4.4,-70.7
-4.3,-70.6
-8.8,142.9
31.3,-54.5
31.4,-54.5
-8.8,142.7
-8.5,-76.8
1.8,2.8
-45.7,-38.0
-6.6,-75.4
-7.6,156.9
-7.0,-75.3
-11.4,121.0
-8.9,110.5
42.1,-61.8
-7.1,-75.5
28.7,-56.1
-5.9,107.8
-6.0,-73.9
-24.9,-169.8
-45.4,-37.9
10.3,-123.4
5.2,-15.0
5.1,-14.9
-4.9,-75.3
-45.0,-35.3
0.7,-55.3
-11.5,-167.3
6.3,-12.2
0.8,-23.6
-5.4,-71.0
-5.3,-70.9
3.2,-15.3
-17.7,-152.5
-5.3,-71.1
-2.0,-70.4
-13.3,131.6
3.7,-15.8
-12.5,127.8
16.2,-100.1
5.8,-14.5
3.3,108.2
-2.1,-72.3
34.5,-64.0
-46.0,-40.8
-6.6,150.7
28.4,51.1
0.6,-3.7
-9.8,113.3
-44.3,152.3
30.3,-153.8
-9.9,113.1
-2.8,-71.7
-11.5,122.9
-32.2,149.7
5.7,-14.5
16.6,-97.5
-4.2,-52.6
-4.2,-52.5
40.3,-61.5
-2.5,-72.3
-4.8,56.3
-4.9,-52.2
-11.7,124.5
-11.8,123.9
-1.2,-71.5
-25.6,-170.6
-25.6,-170.4
-25.6,-170.3
-32.4,149.8
-31.2,152.4
2.8,-6.7
-1.6,-71.3
37.2,157.5
36.9,157.3
-6.1,-53.3
16.4,-100.1
39.0,-58.1
-2.4,22.1
-13.8,126.6
39.7,-149.0
39.6,-149.0
-4.4,-77.8
25.3,-60.5
-6.1,114.3
-9.7,-50.0
5.3,118.7
-30.5,-106.2
-46.0,-38.0
-9.9,116.0
15.1,-97.8
4.2,65.1
-3.1,-48.3
-8.9,-49.7
-4.6,-43.3
1.2,-14.6
4.1,-15.7
5.1,-14.7
30.0,51.2
-10.3,-67.9
-6.5,58.6
-11.0,117.7
37.6,-58.8
37.5,-58.8
1.5,-15.6
-10.1,-55.7
-39.0,152.6
-6.6,-76.2
-46.2,-39.4
4.3,88.5
36.6,-151.2
-31.2,25.5
38.2,167.0
38.2,166.9
-9.4,-49.5
-7.2,-76.9
30.5,-153.4
5.2,-14.9
-6.2,117.1
-4.4,-55.7
-6.2,112.7
-4.3,-55.6
-4.7,-52.4
4.5,-15.5
-7.3,-75.0
-7.4,-75.0
-41.9,-10.3
-11.0,-75.1
16.8,-99.8
1.6,-5.0
-3.9,-52.8
1.5,-14.9
1.9,-14.5
6.5,-13.3
-16.2,123.7
-16.2,123.8
-16.3,123.7
-31.7,152.4
30.7,-156.0
3.2,-15.4
3.7,109.1
3.4,-15.3
39.0,179.2
11.3,-117.4
4.1,63.0
-8.7,-76.9
-9.6,50.4
-5.1,-77.3
38.1,-64.7
-4.9,-77.3
37.9,-64.9
29.4,-56.1
-14.3,128.2
34.5,-58.8
-16.2,-50.9
-3.1,72.1
37.8,-61.9
0.9,-3.5
-7.3,-48.5
-2.6,16.9
6.4,-12.3
-27.4,-68.3
-7.3,-71.9
-7.3,-71.8
36.4,170.5
30.3,-55.5
-2.8,14.3
30.7,-55.0
-8.9,111.4
29.9,-56.1
-0.3,-72.8
1.2,-5.6
-4.6,-52.5
30.5,-22.7
-4.4,-52.2
0.1,-72.9
-6.1,-78.7
30.3,-23.0
28.6,-22.4
1.4,2.7
28.5,-22.4
0.6,-3.9
26.3,-159.1
16.6,-98.6
26.2,-159.0
26.1,-159.0
26.3,-158.9
-7.4,149.2
-7.5,149.3
38.8,157.3
38.8,157.4
38.7,157.5
-7.8,-51.1
33.8,167.8
33.7,167.8
-4.1,-70.9
39.3,178.8
-2.5,16.7
39.2,178.8
15.8,-120.5
-12.3,119.9
43.2,-61.5
-25.8,79.0
4.4,65.7
-4.3,22.0
-3.1,-72.2
-9.0,-49.7
1.2,-24.1
-6.5,-78.6
46.1,-59.2
-36.5,149.1
31.4,-54.6
-30.3,-106.4
-17.7,-152.7
-26.5,-110.3
-8.4,-50.9
-32.8,151.8
40.6,-61.2
-6.6,-75.7
-9.2,-68.8
-9.0,-68.7
29.5,-56.9
6.6,-13.3
-2.6,17.2
-11.4,50.6
27.3,-58.0
27.4,-58.0
38.9,-152.1
-44.1,152.7
-3.2,-71.1
3.7,63.9
38.6,-58.3
-3.3,-71.2
0.5,-70.7
-4.8,-75.6
15.8,-97.8
31.2,50.9
-39.1,152.7
-4.3,55.9
-16.9,-50.8
-3.0,20.4
-2.7,20.6
-32.2,149.4
-1.9,13.8
0.4,-3.6
-25.6,-170.2
-6.3,-53.3
-4.4,-52.3
-4.5,-52.2
-12.0,120.4
30.9,50.9
31.0,51.0
-14.2,128.1
-9.2,-51.1
-27.3,-68.3
-29.9,-103.9
-4.5,-78.6
-10.0,-162.8
-9.9,-162.8
-10.0,-162.9
4.4,63.0
-6.5,-78.1
-9.9,-162.7
-32.2,149.9
-2.0,16.8
-9.7,160.2
40.9,-60.6
0.7,34.2
-7.0,-48.8
-3.7,-71.0
-2.9,-70.6
-6.6,-76.1
-1.5,20.6
-33.8,149.7
-4.5,9.6
-45.7,-37.9
-6.1,-78.9
-13.5,128.4
38.1,-62.4
1.4,-14.8
-32.7,149.3
-16.9,-51.2
-46.2,-39.3
3.7,-15.7
6.0,-13.6
-13.4,128.6
-4.5,-70.9
6.6,-111.9
6.4,-111.8
32.2,-25.4
32.1,-25.5
32.3,-25.1
32.0,-25.5
32.2,-25.3
33.1,-66.5
33.0,-66.5
-8.3,-70.8
-3.8,132.9
-14.2,126.2
-13.7,126.6
-9.9,-50.0
-10.3,-55.6
-1.8,20.3
-10.3,-76.5
-10.6,-76.6
-26.2,75.8
-1.9,-50.7
-1.7,-50.7
-32.2,149.8
-14.5,127.8
-6.5,150.8
-2.6,17.1
-42.0,147.1
-5.0,-38.8
37.6,170.4
39.1,178.7
-17.4,-152.5
-17.5,-152.6
-17.4,-152.6
-7.8,140.1
-36.4,149.4
0.7,0.9
-1.8,-51.8
30.2,-23.2
1.2,4.8
36.3,45.3
36.4,45.3
-1.6,-71.4
7.0,-13.4
3.6,-15.5
-9.1,-69.1
-2.4,21.8
16.8,-97.5
-15.4,129.0
-0.2,21.6
1.9,3.2
-2.2,-72.4
29.2,50.2
-5.3,55.3
-5.7,55.3
16.6,-100.3
-44.3,152.8
-32.3,149.8
34.4,-58.8
-36.4,149.1
-8.6,112.2
-3.6,-71.1
-2.1,21.4
25.4,-59.9
38.1,-64.6
-7.4,-48.5
-32.5,149.8
0.0,17.1
0.0,17.0
-12.3,120.6
-12.5,121.1
-11.2,-167.0
-9.8,-68.6
-9.3,-68.8
-13.2,119.2
-6.2,113.5
-6.3,113.5
-1.8,14.2
-46.4,-41.9
40.5,-60.7
-36.4,149.2
-36.4,149.5
-13.3,131.7
4.5,108.3
4.9,121.0
-35.2,-139.1
5.2,-14.6
5.0,121.0
-13.1,119.1
-32.2,149.1
-9.4,50.3
-14.8,-150.8
31.7,-153.2
-14.8,128.5
28.5,51.1
-37.9,153.3
-27.4,-67.7
-6.4,150.8
36.7,-58.7
-5.5,-75.5
-2.6,-72.2
43.2,37.8
3.7,63.3
16.0,-119.9
-6.8,-77.3
29.4,-55.7
29.2,-55.8
24.4,-61.0
24.8,-61.1
-13.6,-150.4
17.9,89.7
-8.3,49.9
31.6,-24.4
4.6,66.1
-26.8,-67.8
-28.2,-68.3
-11.7,124.1
-4.9,83.3
-11.5,123.0
-11.5,122.8
-13.7,128.1
-36.3,19.5
0.7,-3.7
-43.7,151.1
-2.2,13.9
1.5,-5.0
-2.5,22.3
43.2,-61.4
-1.4,16.9
4.0,8.9
-32.6,149.8
-4.0,14.9
-13.0,128.1
-13.4,127.9
-2.6,16.3
6.2,-13.7
-7.4,-75.5
16.3,-100.1
39.4,178.9
39.2,-58.1
38.3,-56.0
-9.6,-49.6
-3.1,145.3
-7.7,140.0
-6.6,-53.4
5.3,110.5
-25.7,-170.7
39.6,-149.2
-3.4,-70.7
-5.0,-38.9
-0.9,21.5
-21.0,-171.0
-20.4,-169.7
-2.9,-48.3
-2.7,-48.2
-2.8,-48.2
-13.5,128.5
-0.8,17.0
-27.1,-68.4
-31.7,152.5
-31.6,152.4
-31.6,152.5
-32.6,149.0
-26.9,18.6
-7.5,-51.3
16.6,-97.6
1.8,2.9
-6.8,150.1
1.7,-15.2
-6.4,150.9
-46.2,-42.5
30.0,-56.1
31.5,-54.5
-9.7,-49.7
5.8,-13.7
-2.4,17.0
-32.4,149.9
38.8,178.0
39.1,178.8
-4.3,-78.5
-16.3,-50.9
3.9,-15.6
11.6,-117.0
-3.2,13.4
28.6,-22.5
-45.0,-35.2
-44.9,-35.2
15.9,-119.9
36.1,-58.9
17.3,-98.3
16.6,-98.3
-10.9,117.5
25.9,-158.4
-24.5,-170.4
-0.4,33.5
-7.8,60.0
-31.3,152.7
-3.5,-70.8
4.7,-15.4
30.3,51.4
-38.1,152.2
-37.8,153.6
-7.6,-76.8
-37.8,153.3
-37.8,153.4
-8.8,143.0
30.6,-155.5
-8.8,142.8
37.6,177.6
37.5,177.5
3.8,63.4
2.4,-58.5
5.8,-13.5
29.9,51.6
-46.4,-39.1
-3.0,21.6
0.0,34.6
-43.8,152.2
-9.3,-49.7
-0.5,-7.6
39.2,-150.4
39.5,-149.0
40.5,-61.3
-8.6,112.3
-0.9,-70.3
-32.7,147.6
-12.8,129.4
-21.0,50.4
-46.2,-39.2
6.1,-13.6
-8.3,-50.9
3.7,-15.4
40.2,168.8
25.3,49.8
1.3,2.5
42.1,36.0
-7.1,-51.4
-3.8,-52.8
-7.3,-51.4
-31.9,151.8
16.0,-121.0
15.8,-120.6
15.2,-120.9
42.5,-61.5
-31.4,152.4
42.3,-61.8
-31.4,152.5
42.5,-61.6
-8.5,-50.9
42.2,-61.8
42.2,-61.5
0.5,-4.0
-19.3,-169.1
-6.0,112.7
-3.0,-78.3
-5.2,-77.7
-5.1,-70.3
42.2,36.3
42.1,36.4
-15.1,128.3
2.5,110.1
2.5,110.0
40.1,-147.4
40.3,-147.4
3.7,109.0
35.4,-65.5
-9.8,-68.9
38.7,-58.3
1.6,-5.4
-17.2,121.8
30.9,-54.8
4.4,168.9
4.3,169.1
-43.7,151.2
16.7,-100.0
-5.5,-38.7
-8.7,110.5
-12.8,132.9
15.4,-120.6
39.7,169.1
39.7,168.8
40.0,-60.7
11.5,-117.1
0.5,-70.6
1.1,-70.7
-4.1,-55.7
-37.8,152.9
4.6,-14.4
-0.8,17.1
3.9,62.8
-4.6,22.7
-46.4,-42.0
-27.5,-110.5
-13.6,128.5
26.5,-158.8
26.4,-159.0
-8.6,108.8
26.3,-159.0
38.1,-62.3
-11.4,121.6
-1.4,20.4
25.3,46.6
39.9,-60.3
-27.5,-67.6
-46.0,-39.2
15.1,-120.9
-6.4,151.0
26.0,-59.5
25.9,-59.5
-11.0,50.5
39.2,-58.0
-29.1,-103.9
-5.1,-78.2
39.7,-149.2
-32.8,147.6
-6.3,117.4
24.2,-61.0
4.3,65.3
4.3,65.4
-1.0,17.1
16.7,-97.6
36.3,170.3
0.0,17.0
-0.1,17.0
0.3,17.3
-2.4,71.5
-1.1,33.0
-2.3,71.3
-2.4,71.4
-6.5,-53.1
5.6,-14.6
-5.9,-70.6
-1.1,-71.5
39.2,179.2
-31.8,152.0
38.7,-58.4
-7.6,-77.0
15.1,-131.0
11.6,-117.1
-24.9,-170.0
38.1,171.3
-5.4,-70.2
-0.7,17.1
5.4,118.5
3.6,-15.6
40.0,-60.6
-6.3,17.7
-9.8,116.1
30.2,-23.0
-7.1,-48.8
5.6,-14.5
-3.1,13.5
20.6,92.4
-17.3,121.8
1.6,7.4
-0.5,33.2
-1.2,16.9
3.3,8.8
-4.3,-52.4
0.2,-14.5
-1.9,-52.2
0.9,-4.9
-4.2,-52.8
-4.2,-78.6
0.5,-5.7
39.1,-58.0
36.6,-151.1
-38.2,152.9
-38.3,153.1
-3.7,-71.6
-38.3,153.2
-38.2,153.2
-4.1,55.9
37.6,-58.9
37.0,163.1
-21.1,-170.4
-21.0,-170.0
6.5,-111.8
36.1,-58.8
-18.1,178.8
-18.0,179.0
-18.0,178.9
-6.3,150.9
39.5,179.0
39.4,179.0
39.4,178.8
-22.1,-170.2
3.8,64.2
3.5,64.0
-16.3,-51.0
-31.5,24.1
-32.8,149.5
-32.7,149.6
0.2,-69.8
-17.7,-152.4
0.3,-69.7
0.8,34.2
-25.3,-170.7
30.0,-54.9
29.6,-56.8
34.6,-63.9
39.3,-58.1
39.2,-58.2
39.1,-58.3
4.7,65.6
4.8,65.6
34.5,-63.9
-8.8,111.0
-25.5,77.9
3.6,63.8
-45.7,-37.8
-32.6,148.9
5.7,-14.6
-9.4,-49.7
-7.8,-77.5
17.1,-100.0
-4.6,-44.6
-3.1,72.0
38.2,-58.3
-3.2,72.0
34.3,-58.7
-17.2,-51.3
-8.1,-76.7
-32.9,147.7
-32.8,147.9
0.8,-3.6
-2.0,-51.8
-1.7,21.2
-2.4,14.0
-17.9,-152.8
0.6,2.2
1.1,2.7
5.8,-14.6
-9.1,-69.5
-38.0,153.2
-38.0,153.3
-44.7,153.0
-4.8,22.3
38.4,-62.7
-30.8,25.7
-21.0,50.5
-5.0,128.3
-13.9,128.1
-46.0,-37.8
-46.0,-37.9
-13.7,126.7
-1.9,20.0
-0.5,33.3
16.1,-93.8
-44.0,151.0
-43.8,151.7
16.2,-93.8
4.3,-15.8
18.1,-97.7
-8.4,-50.8
39.2,178.9
40.1,168.8
0.3,-3.8
-2.3,21.5
-13.1,128.5
-6.9,-53.3
-1.4,20.8
2.1,-15.2
1.5,-15.7
-15.9,123.7
40.9,-145.6
24.4,-60.8
24.4,-61.1
-24.9,-169.9
22.8,48.2
-29.5,23.8
3.6,-16.1
-2.0,-71.9
21.9,-63.8
-6.0,50.3
-6.2,50.4
-8.9,111.5
29.8,51.0
31.4,-54.4
-44.5,152.9
26.2,-59.5
-0.1,17.1
-2.1,16.8
-1.1,21.4
-1.7,20.9
36.7,-151.2
-2.1,-71.4
4.1,109.3
10.8,-109.9
-45.3,-37.9
-44.8,-38.5
33.3,-60.4
-8.7,111.0
-13.3,119.1
2.8,-14.7
29.5,-56.2
-3.2,-48.3
15.0,-97.9
14.9,-97.8
0.9,1.0
-7.1,-75.3
0.8,1.0
-6.1,117.4
15.5,-98.0
15.7,-98.0
40.7,-60.8
38.1,178.2
5.1,-15.1
-43.7,152.2
-22.1,54.3
-5.8,107.5
-5.9,107.4
30.9,-154.1
31.0,-154.0
31.1,-154.0
36.7,-151.1
-19.4,144.4
-2.7,-71.9
-6.7,-53.4
-6.7,-53.5
-31.3,24.6
-8.1,117.1
12.0,-118.1
12.1,-118.1
-2.1,13.8
-7.5,-51.2
-44.3,152.5
22.8,48.3
42.6,-61.6
42.4,-61.6
0.4,-69.8
0.5,-69.8
-4.4,9.6
-4.4,9.5
-32.1,149.0
-2.9,73.5
-46.5,-39.1
-5.6,-70.8
2.7,-15.8
40.7,-60.7
-27.2,-110.9
-27.2,-111.0
-9.1,-49.9
-9.0,-49.8
-23.4,-169.4
-22.6,-169.1
-14.2,128.2
6.0,-14.3
1.4,-14.4
-8.8,111.6
-12.5,119.8
-3.6,13.7
-5.8,-77.3
-9.0,-69.4
-1.7,-71.3
0.6,-70.7
-2.6,-71.1
-5.6,-78.9
-4.1,-77.8
-3.2,-48.1
-5.3,107.4
-4.3,-77.9
-6.4,-79.1
10.8,-109.8
-6.3,-53.1
-6.2,-53.1
3.8,63.8
-32.9,147.8
-10.5,-76.6
-10.7,-76.9
-38.3,152.8
-7.6,149.0
-45.6,-37.7
-45.6,-37.6
-45.4,-37.7
-45.5,-37.9
-45.7,-37.7
-9.0,-50.7
-44.1,151.6
0.0,33.6
-18.1,-152.9
26.3,-158.8
-46.2,-39.1
35.7,-65.0
26.3,-158.6
26.3,-159.4
35.4,-65.2
-10.4,-55.9
-27.4,18.5
-12.9,127.7
-9.3,143.3
37.1,-65.7
26.4,-157.9
4.8,-15.3
26.1,-157.6
26.2,-157.5
37.6,-65.3
37.5,-65.3
-28.1,-107.1
37.6,-65.4
-9.9,113.2
-5.3,-38.7
-24.7,-170.7
5.3,-15.0
42.1,-61.6
16.4,-100.0
38.0,171.1
-7.9,-77.0
-11.5,124.0
37.9,171.1
-3.2,-77.9
-3.2,-77.0
37.6,-58.0
-13.9,126.7
2.3,-58.4
2.7,-58.3
0.2,-70.3
16.5,-97.9
-18.1,-153.0
-18.1,-152.8
-1.6,-72.0
42.1,35.6
41.1,-60.8
29.8,-55.6
31.0,-54.9
30.9,51.0
-7.3,-48.8
-15.1,-156.6
-26.3,-169.4
-26.1,-170.9
-21.1,-170.3
-23.8,-169.8
32.4,-51.6
-9.3,-49.8
-5.2,-78.6
-3.7,-52.9
-22.2,-169.9
29.0,50.2
-4.3,-78.4
-3.0,73.6
-16.1,123.9
-23.0,-169.8
-3.7,-77.3
5.6,118.4
-18.0,-152.8
-6.2,-53.3
-9.1,-50.7
16.1,-98.4
36.4,-58.9
-12.9,132.1
-2.2,21.4
10.8,-110.0
10.6,-109.9
1.0,-4.4
38.3,166.9
38.3,167.0
0.5,-4.5
0.7,-4.6
29.7,51.0
40.2,-60.7
6.3,-111.8
-6.7,59.4
-3.4,-73.4
0.0,-69.6
3.9,63.3
-6.9,-80.1
-1.9,-78.1
0.8,34.1
-2.6,-76.0
-2.0,-70.5
-1.9,-70.5
21.8,-63.8
-45.5,-37.8
36.8,-151.2
-46.4,-41.8
0.2,-70.7
0.3,-70.6
-7.4,-77.5
-14.8,128.6
-14.8,128.9
28.9,50.3
28.4,-22.3
40.4,-147.4
37.8,-65.0
40.3,-147.0
40.2,-147.5
40.3,-147.3
40.3,-147.5
40.5,-147.5
40.5,-147.3
36.2,165.2
-6.5,-69.6
25.3,-59.0
0.8,34.0
-19.4,144.3
-0.1,34.3
5.7,-13.8
31.6,-54.5
31.5,-54.4
-3.8,-77.9
39.6,-148.9
-15.1,129.0
-10.9,50.6
-2.5,21.8
30.2,-55.4
30.3,-55.4
-8.9,-50.7
-8.8,111.7
0.0,-7.3
38.8,-62.6
-36.3,149.6
15.0,-97.8
15.0,-97.7
-3.2,72.1
16.4,-98.2
-13.8,128.4
-10.0,-55.5
0.8,1.1
-36.3,19.4
-2.0,-51.9
-2.3,16.7
-0.5,17.5
-28.1,-68.2
-46.1,-37.9
-8.2,-50.9
-30.7,26.7
40.6,-60.8
-9.1,-50.6
-7.2,-75.4
-14.6,128.5
-14.6,128.4
-2.1,-50.7
1.7,2.7
-1.3,-71.5
-27.0,-68.4
39.3,178.9
-26.9,-67.8
39.2,179.0
-26.9,-67.7
-11.4,142.6
-10.3,-67.8
-10.2,-68.0
-10.4,-68.0
-9.2,-50.8
38.0,171.2
37.7,-58.7
40.6,-60.7
31.6,-24.5
-8.9,111.6
29.7,-56.8
30.1,-57.0
-8.9,111.7
40.7,168.7
40.5,168.7
-4.6,22.0
1.3,-5.2
-3.1,13.6
-2.7,16.3
3.5,-15.7
-4.7,112.8
-7.5,-48.4
33.8,167.9
-3.2,17.0
-3.3,17.1
-37.9,153.7
30.6,-23.4
-3.1,22.3
-46.4,-41.7
-46.5,-41.7
-46.5,-41.8
40.0,-60.5
-18.1,-152.6
37.6,-58.2
29.0,50.3
-25.7,-170.6
37.7,-58.0
-11.9,-168.4
-11.8,-168.2
-11.8,-168.3
0.4,33.8
28.8,-56.0
-46.0,-37.7
-2.5,22.2
-4.9,21.4
-24.6,-170.2
-8.3,-76.8
-14.4,128.0
-5.6,-70.4
24.6,-60.9
37.9,-58.0
0.7,34.1
34.6,-58.7
3.7,108.8
38.5,173.0
38.4,173.0
16.2,-98.6
-13.3,132.6
38.6,173.1
15.8,-98.4
-13.9,126.6
-13.8,126.7
-3.7,-71.1
-11.5,121.3
-7.3,-48.9
-5.7,55.2
-12.8,128.3
-4.0,-43.5
-9.6,49.9
-42.0,147.3
34.5,-58.7
5.3,110.4
-5.8,108.4
-4.3,9.1
-11.7,124.2
32.2,-25.5
-3.3,17.0
4.0,-15.4
3.2,108.3
-0.4,33.3
-24.7,-170.3
-24.9,-170.7
-4.6,-44.5
1.6,-15.4
1.4,-15.6
-16.2,123.9
31.1,-54.8
-5.5,-42.7
-16.4,-50.7
-13.5,126.4
-7.8,59.9
2.6,-15.9
2.3,-16.1
-0.2,-7.3
11.8,-115.3
-33.0,147.7
-0.6,-72.0
45.1,-60.8
45.2,-60.8
-6.1,-53.4
45.4,-60.6
45.3,-60.4
0.5,-69.5
38.8,-62.5
0.9,-4.1
-27.0,18.2
-32.3,152.0
-15.1,-156.7
-3.5,14.1
-2.4,-72.5
-3.2,-48.6
-22.1,54.2
-13.2,126.3
-22.1,54.1
38.7,-57.1
38.1,-58.0
16.8,-99.9
-6.7,59.5
-2.1,22.2
28.1,51.8
-6.5,151.0
-12.4,120.9
-7.3,-51.3
-32.3,149.3
-6.0,107.3
37.9,171.6
30.7,-153.3
30.8,-153.3
26.1,-157.9
-10.1,-162.7
5.0,-14.8
10.2,-123.4
10.4,-123.4
-32.3,150.1
-32.5,150.0
-4.3,-78.0
-7.4,139.6
31.8,-25.5
39.7,-149.1
39.3,-150.0
-18.3,-152.4
-0.2,9.1
-7.7,149.0
37.8,-63.9
37.9,-63.9
4.1,-15.4
0.1,-70.2
-16.1,124.0
25.4,45.5
-3.8,-71.6
26.3,-158.7
26.4,-158.7
26.3,-158.5
26.2,-158.7
-46.4,-40.9
11.1,-109.6
11.0,-109.7
-16.2,-51.0
-2.7,22.0
-46.4,-39.0
-1.7,21.6
-36.6,149.7
-27.3,18.1
-6.5,-77.0
-3.7,13.8
-32.8,151.9
6.4,-14.0
4.4,-15.6
-27.3,-110.9
-4.2,56.4
-27.2,-110.8
-14.6,129.0
-45.2,-37.6
0.3,-70.7
-32.7,149.7
12.0,-136.6
11.9,-136.6
-3.2,-50.4
-2.8,-50.4
-32.0,150.2
-2.7,17.1
-31.2,152.3
-8.1,-50.9
16.0,-100.2
-4.5,56.2
-46.4,-41.6
2.4,109.1
-2.7,16.8
0.7,33.9
38.9,-58.4
-36.4,149.9
31.7,31.4
40.0,-150.2
39.8,-149.2
-6.0,-69.8
-9.0,-69.5
-8.6,-69.5
-16.3,-50.7
38.7,-62.5
-12.6,128.4
-8.0,148.7
23.0,48.4
22.7,48.3
-17.4,121.4
-45.2,153.3
-45.2,153.5
-14.7,128.0
-3.6,13.9
-31.9,152.1
37.8,-150.0
0.7,-69.8
0.6,-69.8
-6.3,114.4
-46.5,-41.9
-4.8,-52.4
6.3,-13.7
10.7,-109.9
2.7,8.5
-46.1,-37.8
-27.8,-107.8
-27.7,-107.8
35.6,171.8
-4.7,-78.0
-9.7,-49.8
30.0,51.5
-3.8,-71.2
-6.4,-76.6
-22.4,-169.9
25.3,46.7
31.2,-54.8
15.3,-97.6
-37.0,149.3
0.9,-4.8
20.6,92.5
0.1,9.2
-1.9,-72.5
16.9,-100.1
40.6,-61.1
42.1,35.3
-9.6,-49.8
-11.2,50.4
-7.9,49.3
-13.3,126.3
-5.3,107.5
-13.6,126.5
-9.4,50.2
-11.3,123.1
-2.5,16.4
-26.1,75.6
-8.7,111.1
-32.9,149.1
-12.7,119.8
-32.9,149.2
-5.6,-70.5
-31.2,25.4
-22.0,-170.7
-22.0,-169.9
-7.2,-51.3
-3.9,22.0
-3.0,73.5
-37.0,-1.3
39.4,-148.9
39.3,-150.1
39.8,-148.8
-12.7,128.6
-3.7,-52.8
-46.4,-41.4
-4.1,56.0
38.2,-62.3
38.4,-62.3
38.2,-62.2
-4.8,56.4
-5.4,-52.5
30.9,-154.0
30.6,-153.3
1.6,110.3
-3.1,-48.4
-3.2,-48.4
-2.9,-48.4
-20.7,-169.8
-20.4,-170.4
-20.3,-170.3
-20.3,-170.4
-20.3,-170.2
-20.8,-169.9
-8.8,110.6
30.6,-154.8
30.8,-154.6
-36.3,149.7
31.9,-25.4
-1.4,-71.5
-8.9,49.7
-6.5,-53.4
-4.9,-38.8
-6.6,-39.0
-4.5,-38.8
-5.2,-38.9
15.1,-97.4
5.2,110.5
5.2,110.4
30.1,-55.4
-9.6,-50.2
29.4,50.4
16.1,-100.2
-2.3,-72.3
-2.7,-50.3
-7.7,59.9
39.7,-148.7
39.6,-149.4
40.6,-60.6
32.7,-59.3
-9.2,-69.9
-9.3,-70.0
-9.2,-69.8
-8.5,-70.0
-8.9,-69.5
37.2,-58.0
-9.6,111.9
-9.4,111.9
3.5,108.6
38.0,171.3
-4.3,56.0
-7.6,149.2
-44.1,151.5
-6.0,151.0
37.7,-57.9
-6.2,150.7
-16.3,-154.9
30.3,-155.5
-10.2,-55.6
-2.6,-71.8
-2.7,-71.8
-32.8,147.7
24.7,-60.9
24.5,-60.9
-5.9,83.3
30.8,51.0
-9.9,-49.9
3.2,110.6
39.9,-60.4
-32.7,149.8
-32.4,151.9
-11.9,51.1
38.3,-62.2
39.7,-148.9
-1.5,22.5
-0.8,21.4
-2.2,-51.1
-0.9,-51.0
1.1,-3.6
0.5,-3.7
-5.9,79.4
-5.0,56.6
38.9,-62.5
37.1,-60.8
-2.2,16.8
-2.5,22.5
0.4,-69.6
36.7,166.4
-4.4,-78.6
-5.6,-42.8
-13.1,132.5
-5.3,-70.2
-46.2,-38.9
-46.2,-39.0
39.2,172.9
36.8,166.4
36.8,166.5
-26.6,-110.3
40.7,168.9
3.6,-15.9
-16.9,122.1
-8.7,143.1
-8.7,143.2
17.1,-99.9
-5.1,109.3
-10.9,123.1
1.8,-15.2
1.0,-15.9
-17.4,-152.9
-17.4,-152.8
-17.3,-152.8
-17.4,-153.0
-5.1,109.7
-5.1,109.8
38.3,-62.3
-16.5,-50.8
38.1,-62.2
-44.2,151.6
36.1,170.7
-25.3,-169.4
-25.0,-169.9
30.9,50.8
30.8,50.8
30.8,50.9
-4.5,9.7
26.2,-158.8
-18.2,-151.9
-18.2,-151.8
-48.7,-76.4
37.8,-58.7
37.9,-58.7
-3.8,-77.4
-4.4,-52.4
1.6,4.5
-45.2,-37.7
-45.1,-37.6
-5.4,-77.3
-5.9,-69.0
-8.8,49.8
3.9,64.3
-44.4,152.6
25.5,45.5
39.5,-147.9
39.6,-148.8
39.8,-148.7
-12.1,119.7
-13.1,128.6
-12.9,132.9
-18.3,-152.7
-47.6,-153.4
-47.5,-152.7
-47.5,-152.8
-7.8,-51.2
-35.3,-139.0
-35.2,-139.0
37.8,-57.9
-46.3,-41.7
29.8,51.2
15.4,-97.6
38.8,157.7
38.8,157.6
38.7,157.6
-0.5,-71.9
-7.9,-51.1
-0.6,-71.9
1.7,7.3
0.5,7.5
4.2,8.5
29.8,-56.9
11.2,-115.2
11.2,-115.3
-44.1,152.2
-1.6,-71.5
11.1,-115.3
1.2,-24.3
1.2,-24.4
-3.9,132.9
30.1,-23.0
30.3,-22.9
-46.1,-37.7
-45.9,-37.6
16.7,-97.7
-43.8,151.2
16.8,-97.8
40.9,-60.2
1.2,-15.3
-28.3,-108.3
-27.8,-107.9
-4.4,-44.8
-8.1,-69.6
-8.4,-69.4
-14.3,128.7
6.4,-13.2
36.5,-153.9
36.4,-154.0
-11.3,50.6
36.4,-153.9
39.8,-60.4
-2.4,21.5
-2.4,21.6
0.4,-8.0
0.6,-7.9
-8.8,-69.3
-9.4,-69.4
-2.0,-72.4
-24.9,-170.4
30.8,-155.6
30.7,-154.6
-2.2,16.6
-1.3,17.1
-6.9,-76.7
-22.3,-169.9
-16.5,-51.1
38.8,-62.4
28.5,51.3
-28.1,-68.3
-46.3,-38.9
-3.4,129.4
-8.7,-49.6
-8.7,-49.8
-14.7,127.3
28.6,50.7
-0.3,16.9
4.3,-14.3
-1.0,21.7
3.9,63.1
-22.1,54.4
-7.3,120.4
4.3,-15.5
-16.7,122.1
36.6,-150.7
-10.0,119.5
42.0,35.6
-42.3,-42.7
-42.2,-42.6
-46.1,-42.4
-3.0,-48.5
-2.3,-48.2
39.3,-58.0
-6.9,-77.3
-6.8,-77.1
3.8,160.9
-4.8,-77.5
29.8,-56.8
-13.4,119.1
36.0,160.5
36.1,160.4
-3.2,13.5
16.6,-98.4
-11.1,50.4
-0.7,17.0
-4.7,-43.4
26.4,-158.6
4.0,62.5
-16.1,-50.9
-1.5,-71.5
-4.4,-78.7
3.7,109.2
-0.7,33.0
-32.5,-172.0
10.7,-109.7
38.4,-152.2
39.8,-149.0
39.9,-149.0
-32.4,150.0
29.4,-55.6
-4.4,56.0
-17.6,-152.6
-32.9,147.6
-5.3,143.6
0.6,34.4
0.6,33.9
-5.8,107.4
5.8,-14.0
-38.3,152.9
-6.9,-69.5
-6.2,-52.5
2.7,-58.4
-24.8,-170.5
3.0,-58.4
-2.7,22.1
30.9,-153.9
30.8,-153.8
30.8,-153.9
30.9,-153.8
-46.5,-41.6
-4.8,113.0
-33.8,149.6
29.9,-55.6
-32.1,149.1
-3.6,21.3
1.4,2.6
-5.2,-39.0
1.6,2.5
40.7,-60.6
-5.1,-39.0
-27.3,18.3
-13.6,126.4
31.5,-24.0
36.4,-153.8
-11.4,124.9
11.2,-115.4
11.1,-115.4
-7.7,148.9
30.0,-56.8
-7.5,149.2
37.9,-64.2
39.5,-148.4
16.4,-98.4
10.7,-109.8
-8.9,142.7
0.0,9.2
-6.4,-75.9
11.9,-115.2
0.6,-69.6
11.7,-115.3
-11.5,121.4
36.6,-150.9
36.1,170.8
36.1,171.0
-3.5,22.1
-9.2,-49.8
-36.9,149.5
16.6,-98.8
-0.8,-70.1
-0.6,-70.1
-17.6,-152.7
-6.2,150.9
-9.2,-50.9
-6.5,-79.2
39.7,-148.4
39.7,-149.3
-15.3,129.2
-9.8,160.3
5.9,-14.6
38.2,-57.9
11.6,-117.4
-9.8,160.2
6.1,-14.4
31.3,50.7
3.6,108.8
-26.9,-67.9
42.0,35.4
-10.9,50.5
-10.1,117.1
0.6,-4.3
-5.3,-69.8
10.4,-109.9
3.5,-15.8
3.9,-15.3
12.0,-115.2
-8.3,-76.9
-13.1,132.4
11.9,-115.3
1.0,-13.6
1.3,-13.5
1.1,-13.8
10.4,-123.5
-2.0,20.1
-13.5,128.6
36.4,170.7
36.4,170.6
36.5,170.7
-15.9,124.9
-5.0,-70.9
4.2,-15.7
38.5,-58.1
-2.4,22.3
1.2,4.9
1.2,5.0
-1.9,16.6
-31.8,152.1
40.0,-60.4
30.1,-22.9
3.6,-14.3
-2.7,-71.1
-31.8,152.4
-46.1,-37.6
-46.0,-37.6
3.4,-15.9
-2.0,16.6
30.9,-155.8
29.0,-56.1
2.3,-29.8
2.3,-29.7
1.3,2.4
0.3,2.3
-3.3,13.5
-11.5,123.3
-32.3,151.8
-5.4,-70.3
-2.2,16.9
-0.4,33.4
40.2,-150.5
-44.8,-38.4
0.1,34.1
16.4,-98.5
-37.9,152.7
-10.1,-162.9
-5.5,-42.9
-30.5,152.5
-8.6,143.1
-8.6,143.2
-8.8,143.1
-44.8,-35.1
-44.9,-35.1
29.9,-55.5
-13.5,119.2
5.4,-14.3
38.1,174.9
38.1,174.8
38.1,175.1
25.3,46.8
24.4,-60.9
38.2,175.8
37.9,174.8
-3.5,14.2
-2.7,-72.3
-2.5,21.7
-0.2,33.5
-4.7,-43.3
12.0,-115.1
30.2,-22.9
-13.8,126.8
4.1,-15.1
-36.4,150.0
-2.1,-71.8
-6.2,-53.2
-5.7,-53.2
-6.3,-53.4
-0.8,-70.3
11.0,-109.5
-6.3,-53.5
30.3,-23.1
30.4,-23.1
38.8,-58.1
-1.4,20.7
-2.6,22.4
38.1,-57.9
-9.7,50.1
-9.3,-69.7
30.8,-154.5
-46.3,-41.6
30.7,-154.5
-2.1,-50.8
-9.3,113.2
-9.4,113.1
-16.2,-51.1
39.9,-149.1
36.7,-151.0
36.8,-151.0
-2.9,126.3
42.1,35.5
1.8,7.4
29.7,-55.4
-1.7,-71.4
30.7,-154.7
-3.9,-71.1
-6.1,-70.4
2.3,-15.0
-16.8,-51.3
-6.8,-53.5
12.0,-118.0
11.9,-118.0
16.2,-98.4
-3.5,129.4
0.4,-7.2
29.5,-55.6
1.4,2.4
3.9,-15.4
6.9,-14.3
-18.3,-152.0
-18.3,-151.9
-7.3,139.8
-7.4,139.7
-2.4,21.4
-33.0,147.4
-32.2,149.3
-3.2,-72.2
-1.6,20.8
24.0,-61.6
39.8,-60.3
25.2,46.7
-0.5,33.4
-6.0,114.3
-16.4,-51.1
1.0,-15.3
10.4,-110.0
-14.4,128.8
38.9,-62.4
30.2,-153.4
38.4,-62.2
31.5,31.5
-8.9,-69.8
-6.9,-73.3
-8.5,143.1
-4.4,-52.8
41.0,-60.2
-2.1,21.2
5.2,-15.3
4.0,109.2
-36.3,149.2
-28.8,-69.5
29.9,-156.2
-8.7,-49.9
-8.6,-49.9
-27.5,18.4
-36.9,149.6
-26.2,75.6
-4.8,-39.0
-2.9,-71.7
-2.9,-71.8
-0.4,25.1
-4.5,-52.4
-9.6,-50.0
-3.8,134.1
-13.3,132.5
39.0,173.1
39.0,173.5
-6.8,-39.7
-9.6,-49.7
-43.5,151.5
-5.9,-69.5
1.5,7.2
1.8,7.2
31.0,-23.2
31.1,-23.2
-5.2,-71.0
-27.6,-67.0
-27.5,-66.9
-15.6,128.8
-3.1,-70.7
-3.4,-52.9
41.0,-60.3
10.9,-117.5
-46.0,-37.5
-7.9,-75.4
-3.8,10.0
-3.9,10.1
-16.3,-155.4
-16.0,-155.6
-16.1,-155.6
-16.2,-155.8
-6.7,-51.1
-4.3,56.1
-6.8,-51.0
-6.6,-51.1
-6.7,-51.0
-0.5,24.8
-9.7,-50.1
-1.0,21.6
42.6,-61.5
-30.3,152.5
-10.3,-56.1
29.6,-55.6
38.4,-58.1
-31.4,152.7
-15.8,-67.8
-16.7,-51.3
-8.7,49.5
-37.1,149.5
-2.2,21.3
39.7,-148.8
36.4,170.8
4.2,-15.4
-5.5,-42.8
-7.6,-51.3
36.2,166.7
-9.9,-49.8
36.2,166.6
-6.9,-76.6
30.2,-154.0
-4.5,-71.1
37.9,171.3
37.9,172.2
-32.3,150.4
-10.8,22.6
-32.3,149.9
-2.8,20.7
-8.3,-51.0
-8.1,-51.0
-3.8,-77.7
-17.5,-152.5
34.7,-63.8
35.3,-64.5
21.8,-63.7
-13.9,128.8
-14.0,128.9
15.3,-97.4
15.0,-97.5
-27.4,-68.2
-31.8,152.5
-21.4,-170.4
16.5,-98.4
-3.1,-50.3
-4.8,-70.5
38.4,-58.3
16.7,-99.8
-10.8,50.7
-7.3,-48.7
-16.6,122.1
23.9,-61.5
-7.3,-48.6
-4.4,113.3
1.0,2.4
30.8,-153.7
-4.6,113.1
-39.3,153.0
31.2,-55.0
-44.3,152.6
30.1,51.5
28.9,-55.9
30.0,51.9
29.0,-55.9
28.8,-55.9
-44.0,-42.8
-3.2,-77.4
15.1,-97.6
-9.2,-50.6
-9.1,-50.8
15.4,-97.4
-3.3,13.6
-9.2,142.6
-8.6,143.3
-2.2,-51.2
-16.0,123.1
-4.7,21.3
-16.0,123.9
-9.0,-49.9
-44.7,-37.8
33.2,-61.6
33.1,-61.6
-4.4,56.1
-30.5,23.8
-16.9,-51.3
-32.4,152.0
-0.7,-69.3
-17.0,121.9
-9.3,50.2
39.0,-62.5
5.6,-14.8
39.1,-62.4
-27.5,18.3
31.7,31.5
-5.9,79.5
-6.0,79.4
1.6,2.9
0.1,34.6
31.6,-24.0
1.4,-5.5
2.4,-4.9
16.3,-98.5
28.9,50.2
-27.7,-107.7
24.1,-61.5
5.7,-14.8
39.9,-148.7
-0.2,-3.9
0.5,-3.6
37.9,-64.6
38.3,-64.6
37.7,-63.1
-11.6,124.1
29.9,-55.4
-1.8,20.2
-12.6,120.9
-46.3,-41.5
-37.9,153.4
-36.8,149.4
-12.1,132.6
29.9,-56.8
29.6,-56.7
-1.9,-72.0
-3.3,-72.3
-43.5,152.1
24.0,-61.5
1.0,4.4
-4.8,109.8
3.9,141.9
4.0,141.9
-10.0,160.1
